date,year,month,canonical_region,occupancy_rate,total_arrivals,room_capacity,source_granularity,aggregation_method,source_district_count,is_pandemic_period,source_years,needs_manual_review
2017-01-01,2017,1,Ancient Cities,73.67,219360,4024,resort_region,source_resort_region,0,false,2017,false
2017-01-01,2017,1,Colombo City,73.2,219360,5310,resort_region,source_resort_region,0,false,2017,false
2017-01-01,2017,1,East Coast,70.65,219360,1129,resort_region,source_resort_region,0,false,2017,false
2017-01-01,2017,1,Greater Colombo,73.44,219360,3225,resort_region,source_resort_region,0,false,2017,false
2017-01-01,2017,1,Hill Country,69.46,219360,1356,resort_region,source_resort_region,0,false,2017,false
2017-01-01,2017,1,Northern Region,67.08,219360,163,resort_region,source_resort_region,0,false,2017,false
2017-01-01,2017,1,South Coast,75.22,219360,8270,resort_region,source_resort_region,0,false,2017,false
2017-02-01,2017,2,Ancient Cities,75.36,197517,4024,resort_region,source_resort_region,0,false,2017,false
2017-02-01,2017,2,Colombo City,69.7,197517,5310,resort_region,source_resort_region,0,false,2017,false
2017-02-01,2017,2,East Coast,76.1,197517,1129,resort_region,source_resort_region,0,false,2017,false
2017-02-01,2017,2,Greater Colombo,71.62,197517,3225,resort_region,source_resort_region,0,false,2017,false
2017-02-01,2017,2,Hill Country,73.43,197517,1356,resort_region,source_resort_region,0,false,2017,false
2017-02-01,2017,2,Northern Region,68.77,197517,163,resort_region,source_resort_region,0,false,2017,false
2017-02-01,2017,2,South Coast,74.07,197517,8270,resort_region,source_resort_region,0,false,2017,false
2017-03-01,2017,3,Ancient Cities,73.11,188076,4024,resort_region,source_resort_region,0,false,2017,false
2017-03-01,2017,3,Colombo City,72.8,188076,5310,resort_region,source_resort_region,0,false,2017,false
2017-03-01,2017,3,East Coast,74.48,188076,1129,resort_region,source_resort_region,0,false,2017,false
2017-03-01,2017,3,Greater Colombo,73.11,188076,3225,resort_region,source_resort_region,0,false,2017,false
2017-03-01,2017,3,Hill Country,75.03,188076,1356,resort_region,source_resort_region,0,false,2017,false
2017-03-01,2017,3,Northern Region,68.09,188076,163,resort_region,source_resort_region,0,false,2017,false
2017-03-01,2017,3,South Coast,70.9,188076,8270,resort_region,source_resort_region,0,false,2017,false
2017-04-01,2017,4,Ancient Cities,68.89,160249,4024,resort_region,source_resort_region,0,false,2017,false
2017-04-01,2017,4,Colombo City,67.92,160249,5310,resort_region,source_resort_region,0,false,2017,false
2017-04-01,2017,4,East Coast,66.78,160249,1129,resort_region,source_resort_region,0,false,2017,false
2017-04-01,2017,4,Greater Colombo,63.49,160249,3225,resort_region,source_resort_region,0,false,2017,false
2017-04-01,2017,4,Hill Country,70.86,160249,1356,resort_region,source_resort_region,0,false,2017,false
2017-04-01,2017,4,Northern Region,65.92,160249,163,resort_region,source_resort_region,0,false,2017,false
2017-04-01,2017,4,South Coast,67.32,160249,8270,resort_region,source_resort_region,0,false,2017,false
2017-05-01,2017,5,Ancient Cities,66.27,121891,4024,resort_region,source_resort_region,0,false,2017,false
2017-05-01,2017,5,Colombo City,79.53,121891,5310,resort_region,source_resort_region,0,false,2017,false
2017-05-01,2017,5,East Coast,68.09,121891,1129,resort_region,source_resort_region,0,false,2017,false
2017-05-01,2017,5,Greater Colombo,73.3,121891,3225,resort_region,source_resort_region,0,false,2017,false
2017-05-01,2017,5,Hill Country,70.27,121891,1356,resort_region,source_resort_region,0,false,2017,false
2017-05-01,2017,5,Northern Region,68.63,121891,163,resort_region,source_resort_region,0,false,2017,false
2017-05-01,2017,5,South Coast,68.54,121891,8270,resort_region,source_resort_region,0,false,2017,false
2017-06-01,2017,6,Ancient Cities,72.2,123351,4024,resort_region,source_resort_region,0,false,2017,false
2017-06-01,2017,6,Colombo City,72.86,123351,5310,resort_region,source_resort_region,0,false,2017,false
2017-06-01,2017,6,East Coast,74.88,123351,1129,resort_region,source_resort_region,0,false,2017,false
2017-06-01,2017,6,Greater Colombo,71.33,123351,3225,resort_region,source_resort_region,0,false,2017,false
2017-06-01,2017,6,Hill Country,78.84,123351,1356,resort_region,source_resort_region,0,false,2017,false
2017-06-01,2017,6,Northern Region,78.14,123351,163,resort_region,source_resort_region,0,false,2017,false
2017-06-01,2017,6,South Coast,70.11,123351,8270,resort_region,source_resort_region,0,false,2017,false
2017-07-01,2017,7,Ancient Cities,69.74,205482,4024,resort_region,source_resort_region,0,false,2017,false
2017-07-01,2017,7,Colombo City,71.17,205482,5310,resort_region,source_resort_region,0,false,2017,false
2017-07-01,2017,7,East Coast,69.08,205482,1129,resort_region,source_resort_region,0,false,2017,false
2017-07-01,2017,7,Greater Colombo,70.03,205482,3225,resort_region,source_resort_region,0,false,2017,false
2017-07-01,2017,7,Hill Country,68.63,205482,1356,resort_region,source_resort_region,0,false,2017,false
2017-07-01,2017,7,Northern Region,66.91,205482,163,resort_region,source_resort_region,0,false,2017,false
2017-07-01,2017,7,South Coast,70.53,205482,8270,resort_region,source_resort_region,0,false,2017,false
2017-08-01,2017,8,Ancient Cities,79.68,190928,4024,resort_region,source_resort_region,0,false,2017,false
2017-08-01,2017,8,Colombo City,81.57,190928,5310,resort_region,source_resort_region,0,false,2017,false
2017-08-01,2017,8,East Coast,79.3,190928,1129,resort_region,source_resort_region,0,false,2017,false
2017-08-01,2017,8,Greater Colombo,77.32,190928,3225,resort_region,source_resort_region,0,false,2017,false
2017-08-01,2017,8,Hill Country,74.24,190928,1356,resort_region,source_resort_region,0,false,2017,false
2017-08-01,2017,8,Northern Region,72.05,190928,163,resort_region,source_resort_region,0,false,2017,false
2017-08-01,2017,8,South Coast,73.29,190928,8270,resort_region,source_resort_region,0,false,2017,false
2017-09-01,2017,9,Ancient Cities,78.73,145077,4024,resort_region,source_resort_region,0,false,2017,false
2017-09-01,2017,9,Colombo City,75.06,145077,5310,resort_region,source_resort_region,0,false,2017,false
2017-09-01,2017,9,East Coast,79.12,145077,1129,resort_region,source_resort_region,0,false,2017,false
2017-09-01,2017,9,Greater Colombo,75.76,145077,3225,resort_region,source_resort_region,0,false,2017,false
2017-09-01,2017,9,Hill Country,77.95,145077,1356,resort_region,source_resort_region,0,false,2017,false
2017-09-01,2017,9,Northern Region,73.41,145077,163,resort_region,source_resort_region,0,false,2017,false
2017-09-01,2017,9,South Coast,76.69,145077,8270,resort_region,source_resort_region,0,false,2017,false
2017-10-01,2017,10,Ancient Cities,71.45,152429,4024,resort_region,source_resort_region,0,false,2017,false
2017-10-01,2017,10,Colombo City,78.2,152429,5310,resort_region,source_resort_region,0,false,2017,false
2017-10-01,2017,10,East Coast,73.19,152429,1129,resort_region,source_resort_region,0,false,2017,false
2017-10-01,2017,10,Greater Colombo,73.35,152429,3225,resort_region,source_resort_region,0,false,2017,false
2017-10-01,2017,10,Hill Country,72.63,152429,1356,resort_region,source_resort_region,0,false,2017,false
2017-10-01,2017,10,Northern Region,72.33,152429,163,resort_region,source_resort_region,0,false,2017,false
2017-10-01,2017,10,South Coast,71.05,152429,8270,resort_region,source_resort_region,0,false,2017,false
2017-11-01,2017,11,Ancient Cities,77.44,167511,4024,resort_region,source_resort_region,0,false,2017,false
2017-11-01,2017,11,Colombo City,78.34,167511,5310,resort_region,source_resort_region,0,false,2017,false
2017-11-01,2017,11,East Coast,68.31,167511,1129,resort_region,source_resort_region,0,false,2017,false
2017-11-01,2017,11,Greater Colombo,76.32,167511,3225,resort_region,source_resort_region,0,false,2017,false
2017-11-01,2017,11,Hill Country,72.18,167511,1356,resort_region,source_resort_region,0,false,2017,false
2017-11-01,2017,11,Northern Region,74.31,167511,163,resort_region,source_resort_region,0,false,2017,false
2017-11-01,2017,11,South Coast,72.39,167511,8270,resort_region,source_resort_region,0,false,2017,false
2017-12-01,2017,12,Ancient Cities,79.7,244536,4024,resort_region,source_resort_region,0,false,2017,false
2017-12-01,2017,12,Colombo City,83.41,244536,5310,resort_region,source_resort_region,0,false,2017,false
2017-12-01,2017,12,East Coast,75.38,244536,1129,resort_region,source_resort_region,0,false,2017,false
2017-12-01,2017,12,Greater Colombo,78.68,244536,3225,resort_region,source_resort_region,0,false,2017,false
2017-12-01,2017,12,Hill Country,79.1,244536,1356,resort_region,source_resort_region,0,false,2017,false
2017-12-01,2017,12,Northern Region,76.12,244536,163,resort_region,source_resort_region,0,false,2017,false
2017-12-01,2017,12,South Coast,78.44,244536,8270,resort_region,source_resort_region,0,false,2017,false
2018-01-01,2018,1,Ancient Cities,74.23,238924,4360,resort_region,source_resort_region,0,false,2018,false
2018-01-01,2018,1,Colombo City,81.92,238924,5607,resort_region,source_resort_region,0,false,2018,false
2018-01-01,2018,1,East Coast,70.28,238924,1149,resort_region,source_resort_region,0,false,2018,false
2018-01-01,2018,1,Greater Colombo,77.77,238924,3269,resort_region,source_resort_region,0,false,2018,false
2018-01-01,2018,1,Hill Country,72.06,238924,1489,resort_region,source_resort_region,0,false,2018,false
2018-01-01,2018,1,Northern Region,74.66,238924,207,resort_region,source_resort_region,0,false,2018,false
2018-01-01,2018,1,South Coast,76.89,238924,8676,resort_region,source_resort_region,0,false,2018,false
2018-02-01,2018,2,Ancient Cities,74.25,235618,4360,resort_region,source_resort_region,0,false,2018,false
2018-02-01,2018,2,Colombo City,78.42,235618,5607,resort_region,source_resort_region,0,false,2018,false
2018-02-01,2018,2,East Coast,72.76,235618,1149,resort_region,source_resort_region,0,false,2018,false
2018-02-01,2018,2,Greater Colombo,73.81,235618,3269,resort_region,source_resort_region,0,false,2018,false
2018-02-01,2018,2,Hill Country,71.11,235618,1489,resort_region,source_resort_region,0,false,2018,false
2018-02-01,2018,2,Northern Region,72.33,235618,207,resort_region,source_resort_region,0,false,2018,false
2018-02-01,2018,2,South Coast,75.55,235618,8676,resort_region,source_resort_region,0,false,2018,false
2018-03-01,2018,3,Ancient Cities,70.82,233382,4360,resort_region,source_resort_region,0,false,2018,false
2018-03-01,2018,3,Colombo City,79.16,233382,5607,resort_region,source_resort_region,0,false,2018,false
2018-03-01,2018,3,East Coast,73.94,233382,1149,resort_region,source_resort_region,0,false,2018,false
2018-03-01,2018,3,Greater Colombo,77.25,233382,3269,resort_region,source_resort_region,0,false,2018,false
2018-03-01,2018,3,Hill Country,73.53,233382,1489,resort_region,source_resort_region,0,false,2018,false
2018-03-01,2018,3,Northern Region,68.23,233382,207,resort_region,source_resort_region,0,false,2018,false
2018-03-01,2018,3,South Coast,71.01,233382,8676,resort_region,source_resort_region,0,false,2018,false
2018-04-01,2018,4,Ancient Cities,69.29,180429,4360,resort_region,source_resort_region,0,false,2018,false
2018-04-01,2018,4,Colombo City,71.87,180429,5607,resort_region,source_resort_region,0,false,2018,false
2018-04-01,2018,4,East Coast,63.42,180429,1149,resort_region,source_resort_region,0,false,2018,false
2018-04-01,2018,4,Greater Colombo,70.27,180429,3269,resort_region,source_resort_region,0,false,2018,false
2018-04-01,2018,4,Hill Country,64.17,180429,1489,resort_region,source_resort_region,0,false,2018,false
2018-04-01,2018,4,Northern Region,59.31,180429,207,resort_region,source_resort_region,0,false,2018,false
2018-04-01,2018,4,South Coast,67.86,180429,8676,resort_region,source_resort_region,0,false,2018,false
2018-05-01,2018,5,Ancient Cities,63.17,129466,4360,resort_region,source_resort_region,0,false,2018,false
2018-05-01,2018,5,Colombo City,80.35,129466,5607,resort_region,source_resort_region,0,false,2018,false
2018-05-01,2018,5,East Coast,66.47,129466,1149,resort_region,source_resort_region,0,false,2018,false
2018-05-01,2018,5,Greater Colombo,71.95,129466,3269,resort_region,source_resort_region,0,false,2018,false
2018-05-01,2018,5,Hill Country,66.03,129466,1489,resort_region,source_resort_region,0,false,2018,false
2018-05-01,2018,5,Northern Region,58.62,129466,207,resort_region,source_resort_region,0,false,2018,false
2018-05-01,2018,5,South Coast,66.69,129466,8676,resort_region,source_resort_region,0,false,2018,false
2018-06-01,2018,6,Ancient Cities,64.41,146828,4360,resort_region,source_resort_region,0,false,2018,false
2018-06-01,2018,6,Colombo City,75.68,146828,5607,resort_region,source_resort_region,0,false,2018,false
2018-06-01,2018,6,East Coast,69.32,146828,1149,resort_region,source_resort_region,0,false,2018,false
2018-06-01,2018,6,Greater Colombo,75.01,146828,3269,resort_region,source_resort_region,0,false,2018,false
2018-06-01,2018,6,Hill Country,63.33,146828,1489,resort_region,source_resort_region,0,false,2018,false
2018-06-01,2018,6,Northern Region,69.3,146828,207,resort_region,source_resort_region,0,false,2018,false
2018-06-01,2018,6,South Coast,69.81,146828,8676,resort_region,source_resort_region,0,false,2018,false
2018-07-01,2018,7,Ancient Cities,68.84,217829,4360,resort_region,source_resort_region,0,false,2018,false
2018-07-01,2018,7,Colombo City,79.41,217829,5607,resort_region,source_resort_region,0,false,2018,false
2018-07-01,2018,7,East Coast,72.33,217829,1149,resort_region,source_resort_region,0,false,2018,false
2018-07-01,2018,7,Greater Colombo,75.24,217829,3269,resort_region,source_resort_region,0,false,2018,false
2018-07-01,2018,7,Hill Country,74.68,217829,1489,resort_region,source_resort_region,0,false,2018,false
2018-07-01,2018,7,Northern Region,67.39,217829,207,resort_region,source_resort_region,0,false,2018,false
2018-07-01,2018,7,South Coast,73.33,217829,8676,resort_region,source_resort_region,0,false,2018,false
2018-08-01,2018,8,Ancient Cities,74.99,200359,4360,resort_region,source_resort_region,0,false,2018,false
2018-08-01,2018,8,Colombo City,81.89,200359,5607,resort_region,source_resort_region,0,false,2018,false
2018-08-01,2018,8,East Coast,80.38,200359,1149,resort_region,source_resort_region,0,false,2018,false
2018-08-01,2018,8,Greater Colombo,76.01,200359,3269,resort_region,source_resort_region,0,false,2018,false
2018-08-01,2018,8,Hill Country,77.04,200359,1489,resort_region,source_resort_region,0,false,2018,false
2018-08-01,2018,8,Northern Region,71.62,200359,207,resort_region,source_resort_region,0,false,2018,false
2018-08-01,2018,8,South Coast,72.15,200359,8676,resort_region,source_resort_region,0,false,2018,false
2018-09-01,2018,9,Ancient Cities,74.21,149087,4360,resort_region,source_resort_region,0,false,2018,false
2018-09-01,2018,9,Colombo City,76.53,149087,5607,resort_region,source_resort_region,0,false,2018,false
2018-09-01,2018,9,East Coast,77.33,149087,1149,resort_region,source_resort_region,0,false,2018,false
2018-09-01,2018,9,Greater Colombo,77.0,149087,3269,resort_region,source_resort_region,0,false,2018,false
2018-09-01,2018,9,Hill Country,77.14,149087,1489,resort_region,source_resort_region,0,false,2018,false
2018-09-01,2018,9,Northern Region,68.76,149087,207,resort_region,source_resort_region,0,false,2018,false
2018-09-01,2018,9,South Coast,75.64,149087,8676,resort_region,source_resort_region,0,false,2018,false
2018-10-01,2018,10,Ancient Cities,72.32,153123,4360,resort_region,source_resort_region,0,false,2018,false
2018-10-01,2018,10,Colombo City,78.14,153123,5607,resort_region,source_resort_region,0,false,2018,false
2018-10-01,2018,10,East Coast,72.12,153123,1149,resort_region,source_resort_region,0,false,2018,false
2018-10-01,2018,10,Greater Colombo,74.55,153123,3269,resort_region,source_resort_region,0,false,2018,false
2018-10-01,2018,10,Hill Country,69.16,153123,1489,resort_region,source_resort_region,0,false,2018,false
2018-10-01,2018,10,Northern Region,69.61,153123,207,resort_region,source_resort_region,0,false,2018,false
2018-10-01,2018,10,South Coast,75.88,153123,8676,resort_region,source_resort_region,0,false,2018,false
2018-11-01,2018,11,Ancient Cities,75.27,195582,4360,resort_region,source_resort_region,0,false,2018,false
2018-11-01,2018,11,Colombo City,82.79,195582,5607,resort_region,source_resort_region,0,false,2018,false
2018-11-01,2018,11,East Coast,65.24,195582,1149,resort_region,source_resort_region,0,false,2018,false
2018-11-01,2018,11,Greater Colombo,77.13,195582,3269,resort_region,source_resort_region,0,false,2018,false
2018-11-01,2018,11,Hill Country,75.11,195582,1489,resort_region,source_resort_region,0,false,2018,false
2018-11-01,2018,11,Northern Region,66.52,195582,207,resort_region,source_resort_region,0,false,2018,false
2018-11-01,2018,11,South Coast,75.02,195582,8676,resort_region,source_resort_region,0,false,2018,false
2018-12-01,2018,12,Ancient Cities,74.65,253169,4360,resort_region,source_resort_region,0,false,2018,false
2018-12-01,2018,12,Colombo City,84.13,253169,5607,resort_region,source_resort_region,0,false,2018,false
2018-12-01,2018,12,East Coast,72.55,253169,1149,resort_region,source_resort_region,0,false,2018,false
2018-12-01,2018,12,Greater Colombo,78.98,253169,3269,resort_region,source_resort_region,0,false,2018,false
2018-12-01,2018,12,Hill Country,76.64,253169,1489,resort_region,source_resort_region,0,false,2018,false
2018-12-01,2018,12,Northern Region,75.43,253169,207,resort_region,source_resort_region,0,false,2018,false
2018-12-01,2018,12,South Coast,77.31,253169,8676,resort_region,source_resort_region,0,false,2018,false
2019-01-01,2019,1,Ancient Cities,76.73,244239,4462,resort_region,source_resort_region,0,false,2019,false
2019-01-01,2019,1,Colombo City,84.34,244239,5638,resort_region,source_resort_region,0,false,2019,false
2019-01-01,2019,1,East Coast,78.91,244239,1201,resort_region,source_resort_region,0,false,2019,false
2019-01-01,2019,1,Greater Colombo,80.83,244239,3052,resort_region,source_resort_region,0,false,2019,false
2019-01-01,2019,1,Hill Country,78.4,244239,1548,resort_region,source_resort_region,0,false,2019,false
2019-01-01,2019,1,Northern Region,70.71,244239,235,resort_region,source_resort_region,0,false,2019,false
2019-01-01,2019,1,South Coast,80.06,244239,8695,resort_region,source_resort_region,0,false,2019,false
2019-02-01,2019,2,Ancient Cities,76.86,252033,4462,resort_region,source_resort_region,0,false,2019,false
2019-02-01,2019,2,Colombo City,83.11,252033,5638,resort_region,source_resort_region,0,false,2019,false
2019-02-01,2019,2,East Coast,76.24,252033,1201,resort_region,source_resort_region,0,false,2019,false
2019-02-01,2019,2,Greater Colombo,78.76,252033,3052,resort_region,source_resort_region,0,false,2019,false
2019-02-01,2019,2,Hill Country,76.77,252033,1548,resort_region,source_resort_region,0,false,2019,false
2019-02-01,2019,2,Northern Region,72.92,252033,235,resort_region,source_resort_region,0,false,2019,false
2019-02-01,2019,2,South Coast,77.1,252033,8695,resort_region,source_resort_region,0,false,2019,false
2019-03-01,2019,3,Ancient Cities,74.05,244328,4462,resort_region,source_resort_region,0,false,2019,false
2019-03-01,2019,3,Colombo City,76.91,244328,5638,resort_region,source_resort_region,0,false,2019,false
2019-03-01,2019,3,East Coast,73.89,244328,1201,resort_region,source_resort_region,0,false,2019,false
2019-03-01,2019,3,Greater Colombo,76.15,244328,3052,resort_region,source_resort_region,0,false,2019,false
2019-03-01,2019,3,Hill Country,72.84,244328,1548,resort_region,source_resort_region,0,false,2019,false
2019-03-01,2019,3,Northern Region,64.86,244328,235,resort_region,source_resort_region,0,false,2019,false
2019-03-01,2019,3,South Coast,71.57,244328,8695,resort_region,source_resort_region,0,false,2019,false
2019-04-01,2019,4,Ancient Cities,59.75,166975,4462,resort_region,source_resort_region,0,false,2019,false
2019-04-01,2019,4,Colombo City,74.73,166975,5638,resort_region,source_resort_region,0,false,2019,false
2019-04-01,2019,4,East Coast,64.23,166975,1201,resort_region,source_resort_region,0,false,2019,false
2019-04-01,2019,4,Greater Colombo,69.49,166975,3052,resort_region,source_resort_region,0,false,2019,false
2019-04-01,2019,4,Hill Country,65.68,166975,1548,resort_region,source_resort_region,0,false,2019,false
2019-04-01,2019,4,Northern Region,49.23,166975,235,resort_region,source_resort_region,0,false,2019,false
2019-04-01,2019,4,South Coast,65.58,166975,8695,resort_region,source_resort_region,0,false,2019,false
2019-05-01,2019,5,Ancient Cities,14.94,37802,4462,resort_region,source_resort_region,0,false,2019,false
2019-05-01,2019,5,Colombo City,14.32,37802,5638,resort_region,source_resort_region,0,false,2019,false
2019-05-01,2019,5,East Coast,13.4,37802,1201,resort_region,source_resort_region,0,false,2019,false
2019-05-01,2019,5,Greater Colombo,14.97,37802,3052,resort_region,source_resort_region,0,false,2019,false
2019-05-01,2019,5,Hill Country,14.69,37802,1548,resort_region,source_resort_region,0,false,2019,false
2019-05-01,2019,5,Northern Region,12.52,37802,235,resort_region,source_resort_region,0,false,2019,false
2019-05-01,2019,5,South Coast,17.26,37802,8695,resort_region,source_resort_region,0,false,2019,false
2019-06-01,2019,6,Ancient Cities,23.09,63072,4462,resort_region,source_resort_region,0,false,2019,false
2019-06-01,2019,6,Colombo City,21.92,63072,5638,resort_region,source_resort_region,0,false,2019,false
2019-06-01,2019,6,East Coast,22.03,63072,1201,resort_region,source_resort_region,0,false,2019,false
2019-06-01,2019,6,Greater Colombo,22.84,63072,3052,resort_region,source_resort_region,0,false,2019,false
2019-06-01,2019,6,Hill Country,22.44,63072,1548,resort_region,source_resort_region,0,false,2019,false
2019-06-01,2019,6,Northern Region,19.35,63072,235,resort_region,source_resort_region,0,false,2019,false
2019-06-01,2019,6,South Coast,24.68,63072,8695,resort_region,source_resort_region,0,false,2019,false
2019-07-01,2019,7,Ancient Cities,47.87,115701,4462,resort_region,source_resort_region,0,false,2019,false
2019-07-01,2019,7,Colombo City,46.05,115701,5638,resort_region,source_resort_region,0,false,2019,false
2019-07-01,2019,7,East Coast,49.39,115701,1201,resort_region,source_resort_region,0,false,2019,false
2019-07-01,2019,7,Greater Colombo,43.37,115701,3052,resort_region,source_resort_region,0,false,2019,false
2019-07-01,2019,7,Hill Country,46.85,115701,1548,resort_region,source_resort_region,0,false,2019,false
2019-07-01,2019,7,Northern Region,38.91,115701,235,resort_region,source_resort_region,0,false,2019,false
2019-07-01,2019,7,South Coast,46.72,115701,8695,resort_region,source_resort_region,0,false,2019,false
2019-08-01,2019,8,Ancient Cities,55.67,143587,4462,resort_region,source_resort_region,0,false,2019,false
2019-08-01,2019,8,Colombo City,55.31,143587,5638,resort_region,source_resort_region,0,false,2019,false
2019-08-01,2019,8,East Coast,59.64,143587,1201,resort_region,source_resort_region,0,false,2019,false
2019-08-01,2019,8,Greater Colombo,55.66,143587,3052,resort_region,source_resort_region,0,false,2019,false
2019-08-01,2019,8,Hill Country,57.86,143587,1548,resort_region,source_resort_region,0,false,2019,false
2019-08-01,2019,8,Northern Region,44.88,143587,235,resort_region,source_resort_region,0,false,2019,false
2019-08-01,2019,8,South Coast,59.46,143587,8695,resort_region,source_resort_region,0,false,2019,false
2019-09-01,2019,9,Ancient Cities,52.9,108575,4462,resort_region,source_resort_region,0,false,2019,false
2019-09-01,2019,9,Colombo City,48.77,108575,5638,resort_region,source_resort_region,0,false,2019,false
2019-09-01,2019,9,East Coast,48.91,108575,1201,resort_region,source_resort_region,0,false,2019,false
2019-09-01,2019,9,Greater Colombo,50.47,108575,3052,resort_region,source_resort_region,0,false,2019,false
2019-09-01,2019,9,Hill Country,52.35,108575,1548,resort_region,source_resort_region,0,false,2019,false
2019-09-01,2019,9,Northern Region,39.63,108575,235,resort_region,source_resort_region,0,false,2019,false
2019-09-01,2019,9,South Coast,55.22,108575,8695,resort_region,source_resort_region,0,false,2019,false
2019-10-01,2019,10,Ancient Cities,52.19,118743,4462,resort_region,source_resort_region,0,false,2019,false
2019-10-01,2019,10,Colombo City,53.45,118743,5638,resort_region,source_resort_region,0,false,2019,false
2019-10-01,2019,10,East Coast,55.73,118743,1201,resort_region,source_resort_region,0,false,2019,false
2019-10-01,2019,10,Greater Colombo,54.32,118743,3052,resort_region,source_resort_region,0,false,2019,false
2019-10-01,2019,10,Hill Country,54.79,118743,1548,resort_region,source_resort_region,0,false,2019,false
2019-10-01,2019,10,Northern Region,42.92,118743,235,resort_region,source_resort_region,0,false,2019,false
2019-10-01,2019,10,South Coast,59.55,118743,8695,resort_region,source_resort_region,0,false,2019,false
2019-11-01,2019,11,Ancient Cities,74.07,176984,4462,resort_region,source_resort_region,0,false,2019,false
2019-11-01,2019,11,Colombo City,72.71,176984,5638,resort_region,source_resort_region,0,false,2019,false
2019-11-01,2019,11,East Coast,73.66,176984,1201,resort_region,source_resort_region,0,false,2019,false
2019-11-01,2019,11,Greater Colombo,73.48,176984,3052,resort_region,source_resort_region,0,false,2019,false
2019-11-01,2019,11,Hill Country,71.39,176984,1548,resort_region,source_resort_region,0,false,2019,false
2019-11-01,2019,11,Northern Region,62.44,176984,235,resort_region,source_resort_region,0,false,2019,false
2019-11-01,2019,11,South Coast,78.11,176984,8695,resort_region,source_resort_region,0,false,2019,false
2019-12-01,2019,12,Ancient Cities,75.41,241663,4462,resort_region,source_resort_region,0,false,2019,false
2019-12-01,2019,12,Colombo City,73.21,241663,5638,resort_region,source_resort_region,0,false,2019,false
2019-12-01,2019,12,East Coast,71.68,241663,1201,resort_region,source_resort_region,0,false,2019,false
2019-12-01,2019,12,Greater Colombo,74.49,241663,3052,resort_region,source_resort_region,0,false,2019,false
2019-12-01,2019,12,Hill Country,75.31,241663,1548,resort_region,source_resort_region,0,false,2019,false
2019-12-01,2019,12,Northern Region,64.86,241663,235,resort_region,source_resort_region,0,false,2019,false
2019-12-01,2019,12,South Coast,80.88,241663,8695,resort_region,source_resort_region,0,false,2019,false
2020-01-01,2020,1,Ancient Cities,67.932568,228434,4701,district,room_weighted_district_occupancy,4,true,2020,false
2020-01-01,2020,1,East Coast,61.108609,228434,1208,district,room_weighted_district_occupancy,3,true,2020,false
2020-01-01,2020,1,Greater Colombo,59.424544,228434,4498,district,room_weighted_district_occupancy,2,true,2020,false
2020-01-01,2020,1,Hill Country,62.350392,228434,1403,district,room_weighted_district_occupancy,2,true,2020,false
2020-01-01,2020,1,Northern Region,47.765462,228434,249,district,room_weighted_district_occupancy,3,true,2020,false
2020-01-01,2020,1,South Coast,79.426965,228434,5726,district,room_weighted_district_occupancy,3,true,2020,false
2020-02-01,2020,2,Ancient Cities,51.93512,207507,4701,district,room_weighted_district_occupancy,4,true,2020,false
2020-02-01,2020,2,East Coast,44.140894,207507,1208,district,room_weighted_district_occupancy,3,true,2020,false
2020-02-01,2020,2,Greater Colombo,44.938817,207507,4498,district,room_weighted_district_occupancy,2,true,2020,false
2020-02-01,2020,2,Hill Country,45.881183,207507,1403,district,room_weighted_district_occupancy,2,true,2020,false
2020-02-01,2020,2,Northern Region,36.171888,207507,249,district,room_weighted_district_occupancy,3,true,2020,false
2020-02-01,2020,2,South Coast,60.156409,207507,5726,district,room_weighted_district_occupancy,3,true,2020,false
2020-03-01,2020,3,Ancient Cities,28.139885,71370,4701,district,room_weighted_district_occupancy,4,true,2020,false
2020-03-01,2020,3,East Coast,23.616722,71370,1208,district,room_weighted_district_occupancy,3,true,2020,false
2020-03-01,2020,3,Greater Colombo,23.989818,71370,4498,district,room_weighted_district_occupancy,2,true,2020,false
2020-03-01,2020,3,Hill Country,23.950392,71370,1403,district,room_weighted_district_occupancy,2,true,2020,false
2020-03-01,2020,3,Northern Region,19.317269,71370,249,district,room_weighted_district_occupancy,3,true,2020,false
2020-03-01,2020,3,South Coast,32.126179,71370,5726,district,room_weighted_district_occupancy,3,true,2020,false
2020-04-01,2020,4,Ancient Cities,2.615848,0,4701,district,room_weighted_district_occupancy,4,true,2020,false
2020-04-01,2020,4,East Coast,2.222517,0,1208,district,room_weighted_district_occupancy,3,true,2020,false
2020-04-01,2020,4,Greater Colombo,2.240818,0,4498,district,room_weighted_district_occupancy,2,true,2020,false
2020-04-01,2020,4,Hill Country,2.24077,0,1403,district,room_weighted_district_occupancy,2,true,2020,false
2020-04-01,2020,4,Northern Region,1.759036,0,249,district,room_weighted_district_occupancy,3,true,2020,false
2020-04-01,2020,4,South Coast,3.055798,0,5726,district,room_weighted_district_occupancy,3,true,2020,false
2020-05-01,2020,5,Ancient Cities,2.808679,0,4701,district,room_weighted_district_occupancy,4,true,2020,false
2020-05-01,2020,5,East Coast,2.410099,0,1208,district,room_weighted_district_occupancy,3,true,2020,false
2020-05-01,2020,5,Greater Colombo,2.440818,0,4498,district,room_weighted_district_occupancy,2,true,2020,false
2020-05-01,2020,5,Hill Country,2.461155,0,1403,district,room_weighted_district_occupancy,2,true,2020,false
2020-05-01,2020,5,Northern Region,1.930924,0,249,district,room_weighted_district_occupancy,3,true,2020,false
2020-05-01,2020,5,South Coast,3.280929,0,5726,district,room_weighted_district_occupancy,3,true,2020,false
2020-06-01,2020,6,Ancient Cities,8.484216,0,4701,district,room_weighted_district_occupancy,4,true,2020,false
2020-06-01,2020,6,East Coast,7.296358,0,1208,district,room_weighted_district_occupancy,3,true,2020,false
2020-06-01,2020,6,Greater Colombo,7.463273,0,4498,district,room_weighted_district_occupancy,2,true,2020,false
2020-06-01,2020,6,Hill Country,7.383464,0,1403,district,room_weighted_district_occupancy,2,true,2020,false
2020-06-01,2020,6,Northern Region,5.972691,0,249,district,room_weighted_district_occupancy,3,true,2020,false
2020-06-01,2020,6,South Coast,9.942787,0,5726,district,room_weighted_district_occupancy,3,true,2020,false
2020-07-01,2020,7,Ancient Cities,11.776005,0,4701,district,room_weighted_district_occupancy,4,true,2020,false
2020-07-01,2020,7,East Coast,10.135265,0,1208,district,room_weighted_district_occupancy,3,true,2020,false
2020-07-01,2020,7,Greater Colombo,10.304091,0,4498,district,room_weighted_district_occupancy,2,true,2020,false
2020-07-01,2020,7,Hill Country,10.244619,0,1403,district,room_weighted_district_occupancy,2,true,2020,false
2020-07-01,2020,7,Northern Region,8.255422,0,249,district,room_weighted_district_occupancy,3,true,2020,false
2020-07-01,2020,7,South Coast,13.781069,0,5726,district,room_weighted_district_occupancy,3,true,2020,false
2020-08-01,2020,8,Ancient Cities,10.218103,0,4701,district,room_weighted_district_occupancy,4,true,2020,false
2020-08-01,2020,8,East Coast,8.748841,0,1208,district,room_weighted_district_occupancy,3,true,2020,false
2020-08-01,2020,8,Greater Colombo,8.904091,0,4498,district,room_weighted_district_occupancy,2,true,2020,false
2020-08-01,2020,8,Hill Country,8.903849,0,1403,district,room_weighted_district_occupancy,2,true,2020,false
2020-08-01,2020,8,Northern Region,7.2,0,249,district,room_weighted_district_occupancy,3,true,2020,false
2020-08-01,2020,8,South Coast,11.951345,0,5726,district,room_weighted_district_occupancy,3,true,2020,false
2020-09-01,2020,9,Ancient Cities,9.234078,0,4701,district,room_weighted_district_occupancy,4,true,2020,false
2020-09-01,2020,9,East Coast,7.912748,0,1208,district,room_weighted_district_occupancy,3,true,2020,false
2020-09-01,2020,9,Greater Colombo,8.063273,0,4498,district,room_weighted_district_occupancy,2,true,2020,false
2020-09-01,2020,9,Hill Country,8.083464,0,1403,district,room_weighted_district_occupancy,2,true,2020,false
2020-09-01,2020,9,Northern Region,6.496386,0,249,district,room_weighted_district_occupancy,3,true,2020,false
2020-09-01,2020,9,South Coast,10.778973,0,5726,district,room_weighted_district_occupancy,3,true,2020,false
2020-10-01,2020,10,Ancient Cities,9.468241,0,4701,district,room_weighted_district_occupancy,4,true,2020,false
2020-10-01,2020,10,East Coast,8.153974,0,1208,district,room_weighted_district_occupancy,3,true,2020,false
2020-10-01,2020,10,Greater Colombo,8.263273,0,4498,district,room_weighted_district_occupancy,2,true,2020,false
2020-10-01,2020,10,Hill Country,8.283464,0,1403,district,room_weighted_district_occupancy,2,true,2020,false
2020-10-01,2020,10,Northern Region,6.668273,0,249,district,room_weighted_district_occupancy,3,true,2020,false
2020-10-01,2020,10,South Coast,11.047066,0,5726,district,room_weighted_district_occupancy,3,true,2020,false
2020-11-01,2020,11,Ancient Cities,5.350606,0,4701,district,room_weighted_district_occupancy,4,true,2020,false
2020-11-01,2020,11,East Coast,4.578974,0,1208,district,room_weighted_district_occupancy,3,true,2020,false
2020-11-01,2020,11,Greater Colombo,4.681636,0,4498,district,room_weighted_district_occupancy,2,true,2020,false
2020-11-01,2020,11,Hill Country,4.622309,0,1403,district,room_weighted_district_occupancy,2,true,2020,false
2020-11-01,2020,11,Northern Region,3.771888,0,249,district,room_weighted_district_occupancy,3,true,2020,false
2020-11-01,2020,11,South Coast,6.293765,0,5726,district,room_weighted_district_occupancy,3,true,2020,false
2020-12-01,2020,12,Ancient Cities,10.46705,0,4701,district,room_weighted_district_occupancy,4,true,2020,false
2020-12-01,2020,12,East Coast,8.936424,0,1208,district,room_weighted_district_occupancy,3,true,2020,false
2020-12-01,2020,12,Greater Colombo,9.104091,0,4498,district,room_weighted_district_occupancy,2,true,2020,false
2020-12-01,2020,12,Hill Country,9.103849,0,1403,district,room_weighted_district_occupancy,2,true,2020,false
2020-12-01,2020,12,Northern Region,7.371888,0,249,district,room_weighted_district_occupancy,3,true,2020,false
2020-12-01,2020,12,South Coast,12.240604,0,5726,district,room_weighted_district_occupancy,3,true,2020,false
2024-01-01,2024,1,Ancient Cities,47.914776,208253,8866,district,room_weighted_district_occupancy,4,false,2024,false
2024-01-01,2024,1,East Coast,38.689008,208253,2620,district,room_weighted_district_occupancy,3,false,2024,false
2024-01-01,2024,1,Greater Colombo,73.048909,208253,8659,district,room_weighted_district_occupancy,2,false,2024,false
2024-01-01,2024,1,Hill Country,51.83776,208253,4608,district,room_weighted_district_occupancy,2,false,2024,false
2024-01-01,2024,1,Northern Region,60.793625,208253,847,district,room_weighted_district_occupancy,2,false,2024,false
2024-01-01,2024,1,South Coast,66.80655,208253,14122,district,room_weighted_district_occupancy,3,false,2024,false
2024-02-01,2024,2,Ancient Cities,48.070629,218350,8866,district,room_weighted_district_occupancy,4,false,2024,false
2024-02-01,2024,2,East Coast,40.873053,218350,2620,district,room_weighted_district_occupancy,3,false,2024,false
2024-02-01,2024,2,Greater Colombo,70.546807,218350,8659,district,room_weighted_district_occupancy,2,false,2024,false
2024-02-01,2024,2,Hill Country,55.252669,218350,4608,district,room_weighted_district_occupancy,2,false,2024,false
2024-02-01,2024,2,Northern Region,58.754073,218350,847,district,room_weighted_district_occupancy,2,false,2024,false
2024-02-01,2024,2,South Coast,65.646282,218350,14122,district,room_weighted_district_occupancy,3,false,2024,false
2024-03-01,2024,3,Ancient Cities,50.051838,209181,8866,district,room_weighted_district_occupancy,4,false,2024,false
2024-03-01,2024,3,East Coast,42.649389,209181,2620,district,room_weighted_district_occupancy,3,false,2024,false
2024-03-01,2024,3,Greater Colombo,69.919078,209181,8659,district,room_weighted_district_occupancy,2,false,2024,false
2024-03-01,2024,3,Hill Country,55.648698,209181,4608,district,room_weighted_district_occupancy,2,false,2024,false
2024-03-01,2024,3,Northern Region,53.788312,209181,847,district,room_weighted_district_occupancy,2,false,2024,false
2024-03-01,2024,3,South Coast,63.880343,209181,14122,district,room_weighted_district_occupancy,3,false,2024,false
2024-04-01,2024,4,Ancient Cities,39.15035,148867,8866,district,room_weighted_district_occupancy,4,false,2024,false
2024-04-01,2024,4,East Coast,44.864389,148867,2620,district,room_weighted_district_occupancy,3,false,2024,false
2024-04-01,2024,4,Greater Colombo,54.197898,148867,8659,district,room_weighted_district_occupancy,2,false,2024,false
2024-04-01,2024,4,Hill Country,56.093164,148867,4608,district,room_weighted_district_occupancy,2,false,2024,false
2024-04-01,2024,4,Northern Region,46.559032,148867,847,district,room_weighted_district_occupancy,2,false,2024,false
2024-04-01,2024,4,South Coast,49.915557,148867,14122,district,room_weighted_district_occupancy,3,false,2024,false
2024-05-01,2024,5,Ancient Cities,26.292917,112128,8866,district,room_weighted_district_occupancy,4,false,2024,false
2024-05-01,2024,5,East Coast,42.940534,112128,2620,district,room_weighted_district_occupancy,3,false,2024,false
2024-05-01,2024,5,Greater Colombo,40.081002,112128,8659,district,room_weighted_district_occupancy,2,false,2024,false
2024-05-01,2024,5,Hill Country,34.430924,112128,4608,district,room_weighted_district_occupancy,2,false,2024,false
2024-05-01,2024,5,Northern Region,46.957261,112128,847,district,room_weighted_district_occupancy,2,false,2024,false
2024-05-01,2024,5,South Coast,30.064184,112128,14122,district,room_weighted_district_occupancy,3,false,2024,false
2024-06-01,2024,6,Ancient Cities,27.498308,113470,8866,district,room_weighted_district_occupancy,4,false,2024,false
2024-06-01,2024,6,East Coast,49.603397,113470,2620,district,room_weighted_district_occupancy,3,false,2024,false
2024-06-01,2024,6,Greater Colombo,34.623605,113470,8659,district,room_weighted_district_occupancy,2,false,2024,false
2024-06-01,2024,6,Hill Country,30.745833,113470,4608,district,room_weighted_district_occupancy,2,false,2024,false
2024-06-01,2024,6,Northern Region,45.220189,113470,847,district,room_weighted_district_occupancy,2,false,2024,false
2024-06-01,2024,6,South Coast,24.35029,113470,14122,district,room_weighted_district_occupancy,3,false,2024,false
2024-07-01,2024,7,Ancient Cities,42.926912,187810,8866,district,room_weighted_district_occupancy,4,false,2024,false
2024-07-01,2024,7,East Coast,65.680573,187810,2620,district,room_weighted_district_occupancy,3,false,2024,false
2024-07-01,2024,7,Greater Colombo,46.1173,187810,8659,district,room_weighted_district_occupancy,2,false,2024,false
2024-07-01,2024,7,Hill Country,46.772917,187810,4608,district,room_weighted_district_occupancy,2,false,2024,false
2024-07-01,2024,7,Northern Region,60.238961,187810,847,district,room_weighted_district_occupancy,2,false,2024,false
2024-07-01,2024,7,South Coast,36.482304,187810,14122,district,room_weighted_district_occupancy,3,false,2024,false
2024-08-01,2024,8,Ancient Cities,49.56014,164609,8866,district,room_weighted_district_occupancy,4,false,2024,false
2024-08-01,2024,8,East Coast,74.830153,164609,2620,district,room_weighted_district_occupancy,3,false,2024,false
2024-08-01,2024,8,Greater Colombo,53.104446,164609,8659,district,room_weighted_district_occupancy,2,false,2024,false
2024-08-01,2024,8,Hill Country,55.573047,164609,4608,district,room_weighted_district_occupancy,2,false,2024,false
2024-08-01,2024,8,Northern Region,66.459504,164609,847,district,room_weighted_district_occupancy,2,false,2024,false
2024-08-01,2024,8,South Coast,43.347054,164609,14122,district,room_weighted_district_occupancy,3,false,2024,false
2024-09-01,2024,9,Ancient Cities,34.716941,122140,8866,district,room_weighted_district_occupancy,4,false,2024,false
2024-09-01,2024,9,East Coast,53.659733,122140,2620,district,room_weighted_district_occupancy,3,false,2024,false
2024-09-01,2024,9,Greater Colombo,42.997979,122140,8659,district,room_weighted_district_occupancy,2,false,2024,false
2024-09-01,2024,9,Hill Country,40.477148,122140,4608,district,room_weighted_district_occupancy,2,false,2024,false
2024-09-01,2024,9,Northern Region,44.799882,122140,847,district,room_weighted_district_occupancy,2,false,2024,false
2024-09-01,2024,9,South Coast,33.864892,122140,14122,district,room_weighted_district_occupancy,3,false,2024,false
2024-10-01,2024,10,Ancient Cities,35.61173,135907,8866,district,room_weighted_district_occupancy,4,false,2024,false
2024-10-01,2024,10,East Coast,30.354466,135907,2620,district,room_weighted_district_occupancy,3,false,2024,false
2024-10-01,2024,10,Greater Colombo,41.240501,135907,8659,district,room_weighted_district_occupancy,2,false,2024,false
2024-10-01,2024,10,Hill Country,36.231055,135907,4608,district,room_weighted_district_occupancy,2,false,2024,false
2024-10-01,2024,10,Northern Region,37.760803,135907,847,district,room_weighted_district_occupancy,2,false,2024,false
2024-10-01,2024,10,South Coast,40.673092,135907,14122,district,room_weighted_district_occupancy,3,false,2024,false
2024-11-01,2024,11,Ancient Cities,39.557952,184158,8866,district,room_weighted_district_occupancy,4,false,2024,false
2024-11-01,2024,11,East Coast,21.552672,184158,2620,district,room_weighted_district_occupancy,3,false,2024,false
2024-11-01,2024,11,Greater Colombo,46.193452,184158,8659,district,room_weighted_district_occupancy,2,false,2024,false
2024-11-01,2024,11,Hill Country,47.931055,184158,4608,district,room_weighted_district_occupancy,2,false,2024,false
2024-11-01,2024,11,Northern Region,34.252302,184158,847,district,room_weighted_district_occupancy,2,false,2024,false
2024-11-01,2024,11,South Coast,46.003038,184158,14122,district,room_weighted_district_occupancy,3,false,2024,false
2024-12-01,2024,12,Ancient Cities,40.174126,248592,8866,district,room_weighted_district_occupancy,4,false,2024,false
2024-12-01,2024,12,East Coast,30.609389,248592,2620,district,room_weighted_district_occupancy,3,false,2024,false
2024-12-01,2024,12,Greater Colombo,46.908165,248592,8659,district,room_weighted_district_occupancy,2,false,2024,false
2024-12-01,2024,12,Hill Country,39.786328,248592,4608,district,room_weighted_district_occupancy,2,false,2024,false
2024-12-01,2024,12,Northern Region,44.255608,248592,847,district,room_weighted_district_occupancy,2,false,2024,false
2024-12-01,2024,12,South Coast,55.868808,248592,14122,district,room_weighted_district_occupancy,3,false,2024,false
