section,metric,key,value,notes
overview,total_canonical_region_month_rows,all,396,
rows_by_year,row_count,2017,84,
rows_by_year,row_count,2018,84,
rows_by_year,row_count,2019,84,
rows_by_year,row_count,2020,72,
rows_by_year,row_count,2024,72,
rows_by_region,row_count,Ancient Cities,60,
rows_by_region,row_count,Colombo City,36,
rows_by_region,row_count,East Coast,60,
rows_by_region,row_count,Greater Colombo,60,
rows_by_region,row_count,Hill Country,60,
rows_by_region,row_count,Northern Region,60,
rows_by_region,row_count,South Coast,60,
occupancy,mean,all,54.481357,
occupancy,min,all,1.759036,
occupancy,max,all,84.34,
missing_values,missing_count,arrivals_lag_1,7,
feature_availability,available_count,arrivals_lag_1,389,
missing_values,missing_count,arrivals_growth_1m,55,
feature_availability,available_count,arrivals_growth_1m,341,
missing_values,missing_count,arrivals_rolling_3,21,
feature_availability,available_count,arrivals_rolling_3,375,
missing_values,missing_count,occupancy_lag_1,13,
feature_availability,available_count,occupancy_lag_1,383,
missing_values,missing_count,occupancy_lag_2,26,
feature_availability,available_count,occupancy_lag_2,370,
missing_values,missing_count,occupancy_lag_3,39,
feature_availability,available_count,occupancy_lag_3,357,
missing_values,missing_count,occupancy_rolling_3,39,
feature_availability,available_count,occupancy_rolling_3,357,
periods,pandemic_row_count,2020,72,
periods,test_year_candidate_count,2024,72,
aggregation,audit_rows_with_warnings,all,108,"Includes methodology notes, zero-room exclusions, and unresolved-geography audit rows."
aggregation,manual_review_rows,all,0,
