source_id,year,report_name,table_name,page_number,data_type,geography,notes
SLTDA-001,2017,Annual Statistical Report 2017.pdf,Table 23: Monthly Occupancy Rates in Tourist Hotels by Region – 2017,82,occupancy,resort_region,
SLTDA-002,2017,Annual Statistical Report 2017.pdf,Table 23: Monthly Occupancy Rates in Tourist Hotels by Region – 2017,82,room_capacity,resort_region,
SLTDA-003,2017,Annual Statistical Report 2017.pdf,Tourist Arrivals by Month – 1971 to 2017,92,tourist_arrivals,national,
SLTDA-004,2018,Annual Statistical Report 2018.pdf,Table 22: Monthly Occupancy Rates in Tourist Hotels by Region – 2018,94,occupancy,resort_region,
SLTDA-005,2018,Annual Statistical Report 2018.pdf,Table 22: Monthly Occupancy Rates in Tourist Hotels by Region – 2018,94,room_capacity,resort_region,
SLTDA-006,2018,Annual Statistical Report 2018.pdf,Table 29: Tourist Arrivals by Month 1971 to 2018,104,tourist_arrivals,national,
SLTDA-007,2019,Annual Statistical Report 2019.pdf,Table 23: Monthly Occupancy Rates in Tourist Hotels by Region – 2019,91,occupancy,resort_region,Source is image/chart based; transcription requires independent manual verification.
SLTDA-008,2019,Annual Statistical Report 2019.pdf,Table 23: Monthly Occupancy Rates in Tourist Hotels by Region – 2019,91,room_capacity,resort_region,Source is image/chart based; transcription requires independent manual verification.
SLTDA-009,2020,Annual Statistical Report 2020.pdf,Table 18: Room Distribution by District wise and Provincial wise,89,room_capacity,district,
SLTDA-010,2020,Annual Statistical Report 2020.pdf,Table 21: Monthly Occupancy Rates in Tourist Hotels by District – 2020,92,occupancy,district,
SLTDA-011,2020,Annual Statistical Report 2020.pdf,Table 29: Tourist Arrivals by Month – 1971 to 2020,102,tourist_arrivals,national,
SLTDA-012,2021,Year in Review 2021.pdf,"Table 01: Tourist arrivals to Sri Lanka by month & percentage change, 2020 & 2021",4,tourist_arrivals,national,
SLTDA-013,2021,Year in Review 2021.pdf,"Table 06: District wise distribution of rooms of SLTDA registered accommodation establishments, 2020 and 2021",17,room_capacity,district,
SLTDA-014,2021,Year in Review 2021.pdf,Average Annual Occupancy Rate – 2021,19,occupancy,national,
SLTDA-015,2021,Year in Review 2021.pdf,"Chart 08: District wise distribution of occupancy rates of SLTDA Registered Tourists Hotels, 2021",19,occupancy,district,Source is image/chart based; transcription requires independent manual verification.
SLTDA-016,2022,Year in Review 2022 + monthly reports.pdf,Annual room occupancy rate (graded) – 2022,3,occupancy,national,
SLTDA-017,2022,Year in Review 2022 + monthly reports.pdf,"Table 01: Tourist arrivals by month & percentage change, 2021 & 2022",4,tourist_arrivals,national,
SLTDA-018,2022,Year in Review 2022 + monthly reports.pdf,"Table 08: District wise distribution of rooms of SLTDA registered accommodation establishments, 2021 and 2022",17,room_capacity,district,
SLTDA-019,2023,Annual Statistical Report 2023.pdf,Table IX: Distribution of rooms by districts,38,room_capacity,district,
SLTDA-020,2023,Annual Statistical Report 2023.pdf,Table 14: Tourism Growth Trends 1985 to 2023,82,occupancy,national,
SLTDA-021,2023,Annual Statistical Report 2023.pdf,Table 15: Tourist Arrivals by Month 1971 to 2023,84,tourist_arrivals,national,
SLTDA-022,2024,Year in Review 2024.pdf,"Table 01: Tourist arrivals by month & percentage change, 2023 & 2024",4,tourist_arrivals,national,
SLTDA-023,2024,Year in Review 2024.pdf,Table 09: Total rooms by districts,20,room_capacity,district,
SLTDA-024,2024,Year in Review 2024.pdf,"Table 19: Occupancy of graded establishments from different districts by months, 2024",42,occupancy,district,
