year,original_location,original_location_type,source_table,source_page,value_scope,raw_value,review_status,verified,needs_manual_review,source_conflict,notes
2019,Ancient Cities,resort_region,Table 23: Monthly Occupancy Rates in Tourist Hotels by Region – 2019,91,monthly_occupancy_and_capacity,"12 monthly values, rooms, units, and annual rate retained in occupancy_raw.csv",verified_after_visual_review,true,false,false,"Verified cell-by-cell against rendered Table 23 on PDF page 91; source remains image-only. The seven-region structure matches 2017–2018, and the simple monthly mean (56.96) is within 0.00 points of the reported annual rate (56.96); no value was changed merely for appearing unusual."
2019,Colombo City,resort_region,Table 23: Monthly Occupancy Rates in Tourist Hotels by Region – 2019,91,monthly_occupancy_and_capacity,"12 monthly values, rooms, units, and annual rate retained in occupancy_raw.csv",verified_after_visual_review,true,false,false,"Verified cell-by-cell against rendered Table 23 on PDF page 91; source remains image-only. The seven-region structure matches 2017–2018, and the simple monthly mean (58.74) is within 0.00 points of the reported annual rate (58.74); no value was changed merely for appearing unusual."
2019,East Coast,resort_region,Table 23: Monthly Occupancy Rates in Tourist Hotels by Region – 2019,91,monthly_occupancy_and_capacity,"12 monthly values, rooms, units, and annual rate retained in occupancy_raw.csv",verified_after_visual_review,true,false,false,"Verified cell-by-cell against rendered Table 23 on PDF page 91; source remains image-only. The seven-region structure matches 2017–2018, and the simple monthly mean (57.31) is within 0.00 points of the reported annual rate (57.31); no value was changed merely for appearing unusual."
2019,Greater Colombo,resort_region,Table 23: Monthly Occupancy Rates in Tourist Hotels by Region – 2019,91,monthly_occupancy_and_capacity,"12 monthly values, rooms, units, and annual rate retained in occupancy_raw.csv",verified_after_visual_review,true,false,false,"Verified cell-by-cell against rendered Table 23 on PDF page 91; source remains image-only. The seven-region structure matches 2017–2018, and the simple monthly mean (57.90) is within 0.00 points of the reported annual rate (57.90); no value was changed merely for appearing unusual. Review corrected the prior transcription: rooms 3,059 to 3,052 and October 54.39 to 54.32."
2019,Hill Country,resort_region,Table 23: Monthly Occupancy Rates in Tourist Hotels by Region – 2019,91,monthly_occupancy_and_capacity,"12 monthly values, rooms, units, and annual rate retained in occupancy_raw.csv",verified_after_visual_review,true,false,false,"Verified cell-by-cell against rendered Table 23 on PDF page 91; source remains image-only. The seven-region structure matches 2017–2018, and the simple monthly mean (57.45) is within 0.00 points of the reported annual rate (57.45); no value was changed merely for appearing unusual."
2019,Northern Region,resort_region,Table 23: Monthly Occupancy Rates in Tourist Hotels by Region – 2019,91,monthly_occupancy_and_capacity,"12 monthly values, rooms, units, and annual rate retained in occupancy_raw.csv",verified_after_visual_review,true,false,false,"Verified cell-by-cell against rendered Table 23 on PDF page 91; source remains image-only. The seven-region structure matches 2017–2018, and the simple monthly mean (48.60) is within 0.05 points of the reported annual rate (48.55); no value was changed merely for appearing unusual."
2019,South Coast,resort_region,Table 23: Monthly Occupancy Rates in Tourist Hotels by Region – 2019,91,monthly_occupancy_and_capacity,"12 monthly values, rooms, units, and annual rate retained in occupancy_raw.csv",verified_after_visual_review,true,false,false,"Verified cell-by-cell against rendered Table 23 on PDF page 91; source remains image-only. The seven-region structure matches 2017–2018, and the simple monthly mean (59.68) is within 0.00 points of the reported annual rate (59.68); no value was changed merely for appearing unusual."
2021,Ampara,district,"Chart 08: District wise distribution of occupancy rates of SLTDA Registered Tourists Hotels, 2021",19,annual_occupancy_rate,0.0,source_conflict_requires_review,false,true,true,Raw chart value preserved. Chart 08 labels conflict with the accompanying narrative (including the statement that Jaffna and other districts recorded zero); this annual value is not a monthly target.
2021,Anuradhapura,district,"Chart 08: District wise distribution of occupancy rates of SLTDA Registered Tourists Hotels, 2021",19,annual_occupancy_rate,26.7,source_conflict_requires_review,false,true,true,Raw chart value preserved. Chart 08 labels conflict with the accompanying narrative (including the statement that Jaffna and other districts recorded zero); this annual value is not a monthly target.
2021,Badulla,district,"Chart 08: District wise distribution of occupancy rates of SLTDA Registered Tourists Hotels, 2021",19,annual_occupancy_rate,1.6,source_conflict_requires_review,false,true,true,Raw chart value preserved. Chart 08 labels conflict with the accompanying narrative (including the statement that Jaffna and other districts recorded zero); this annual value is not a monthly target.
2021,Batticaloa,district,"Chart 08: District wise distribution of occupancy rates of SLTDA Registered Tourists Hotels, 2021",19,annual_occupancy_rate,8.6,source_conflict_requires_review,false,true,true,Raw chart value preserved. Chart 08 labels conflict with the accompanying narrative (including the statement that Jaffna and other districts recorded zero); this annual value is not a monthly target.
2021,Colombo,district,"Chart 08: District wise distribution of occupancy rates of SLTDA Registered Tourists Hotels, 2021",19,annual_occupancy_rate,19.4,source_conflict_requires_review,false,true,true,Raw chart value preserved. Chart 08 labels conflict with the accompanying narrative (including the statement that Jaffna and other districts recorded zero); this annual value is not a monthly target.
2021,Galle,district,"Chart 08: District wise distribution of occupancy rates of SLTDA Registered Tourists Hotels, 2021",19,annual_occupancy_rate,20.2,source_conflict_requires_review,false,true,true,Raw chart value preserved. Chart 08 labels conflict with the accompanying narrative (including the statement that Jaffna and other districts recorded zero); this annual value is not a monthly target.
2021,Gampaha,district,"Chart 08: District wise distribution of occupancy rates of SLTDA Registered Tourists Hotels, 2021",19,annual_occupancy_rate,24.0,source_conflict_requires_review,false,true,true,Raw chart value preserved. Chart 08 labels conflict with the accompanying narrative (including the statement that Jaffna and other districts recorded zero); this annual value is not a monthly target.
2021,Hambantota,district,"Chart 08: District wise distribution of occupancy rates of SLTDA Registered Tourists Hotels, 2021",19,annual_occupancy_rate,32.1,source_conflict_requires_review,false,true,true,Raw chart value preserved. Chart 08 labels conflict with the accompanying narrative (including the statement that Jaffna and other districts recorded zero); this annual value is not a monthly target.
2021,Jaffna,district,"Chart 08: District wise distribution of occupancy rates of SLTDA Registered Tourists Hotels, 2021",19,annual_occupancy_rate,16.9,source_conflict_requires_review,false,true,true,Raw chart value preserved. Chart 08 labels conflict with the accompanying narrative (including the statement that Jaffna and other districts recorded zero); this annual value is not a monthly target.
2021,Kalutara,district,"Chart 08: District wise distribution of occupancy rates of SLTDA Registered Tourists Hotels, 2021",19,annual_occupancy_rate,34.9,source_conflict_requires_review,false,true,true,Raw chart value preserved. Chart 08 labels conflict with the accompanying narrative (including the statement that Jaffna and other districts recorded zero); this annual value is not a monthly target.
2021,Kandy,district,"Chart 08: District wise distribution of occupancy rates of SLTDA Registered Tourists Hotels, 2021",19,annual_occupancy_rate,31.6,source_conflict_requires_review,false,true,true,Raw chart value preserved. Chart 08 labels conflict with the accompanying narrative (including the statement that Jaffna and other districts recorded zero); this annual value is not a monthly target.
2021,Kegalle,district,"Chart 08: District wise distribution of occupancy rates of SLTDA Registered Tourists Hotels, 2021",19,annual_occupancy_rate,0.8,source_conflict_requires_review,false,true,true,Raw chart value preserved. Chart 08 labels conflict with the accompanying narrative (including the statement that Jaffna and other districts recorded zero); this annual value is not a monthly target.
2021,Kurunegala,district,"Chart 08: District wise distribution of occupancy rates of SLTDA Registered Tourists Hotels, 2021",19,annual_occupancy_rate,2.7,source_conflict_requires_review,false,true,true,Raw chart value preserved. Chart 08 labels conflict with the accompanying narrative (including the statement that Jaffna and other districts recorded zero); this annual value is not a monthly target.
2021,Mannar,district,"Chart 08: District wise distribution of occupancy rates of SLTDA Registered Tourists Hotels, 2021",19,annual_occupancy_rate,0.0,source_conflict_requires_review,false,true,true,Raw chart value preserved. Chart 08 labels conflict with the accompanying narrative (including the statement that Jaffna and other districts recorded zero); this annual value is not a monthly target.
2021,Matale,district,"Chart 08: District wise distribution of occupancy rates of SLTDA Registered Tourists Hotels, 2021",19,annual_occupancy_rate,37.3,source_conflict_requires_review,false,true,true,Raw chart value preserved. Chart 08 labels conflict with the accompanying narrative (including the statement that Jaffna and other districts recorded zero); this annual value is not a monthly target.
2021,Matara,district,"Chart 08: District wise distribution of occupancy rates of SLTDA Registered Tourists Hotels, 2021",19,annual_occupancy_rate,23.3,source_conflict_requires_review,false,true,true,Raw chart value preserved. Chart 08 labels conflict with the accompanying narrative (including the statement that Jaffna and other districts recorded zero); this annual value is not a monthly target.
2021,Moneragala,district,"Chart 08: District wise distribution of occupancy rates of SLTDA Registered Tourists Hotels, 2021",19,annual_occupancy_rate,27.3,source_conflict_requires_review,false,true,true,Raw chart value preserved. Chart 08 labels conflict with the accompanying narrative (including the statement that Jaffna and other districts recorded zero); this annual value is not a monthly target.
2021,Nuwara Eliya,district,"Chart 08: District wise distribution of occupancy rates of SLTDA Registered Tourists Hotels, 2021",19,annual_occupancy_rate,12.6,source_conflict_requires_review,false,true,true,Raw chart value preserved. Chart 08 labels conflict with the accompanying narrative (including the statement that Jaffna and other districts recorded zero); this annual value is not a monthly target.
2021,Polonnaruwa,district,"Chart 08: District wise distribution of occupancy rates of SLTDA Registered Tourists Hotels, 2021",19,annual_occupancy_rate,10.0,source_conflict_requires_review,false,true,true,Raw chart value preserved. Chart 08 labels conflict with the accompanying narrative (including the statement that Jaffna and other districts recorded zero); this annual value is not a monthly target.
2021,Puttalam,district,"Chart 08: District wise distribution of occupancy rates of SLTDA Registered Tourists Hotels, 2021",19,annual_occupancy_rate,16.1,source_conflict_requires_review,false,true,true,Raw chart value preserved. Chart 08 labels conflict with the accompanying narrative (including the statement that Jaffna and other districts recorded zero); this annual value is not a monthly target.
2021,Ratnapura,district,"Chart 08: District wise distribution of occupancy rates of SLTDA Registered Tourists Hotels, 2021",19,annual_occupancy_rate,8.1,source_conflict_requires_review,false,true,true,Raw chart value preserved. Chart 08 labels conflict with the accompanying narrative (including the statement that Jaffna and other districts recorded zero); this annual value is not a monthly target.
2021,Trincomalee,district,"Chart 08: District wise distribution of occupancy rates of SLTDA Registered Tourists Hotels, 2021",19,annual_occupancy_rate,23.3,source_conflict_requires_review,false,true,true,Raw chart value preserved. Chart 08 labels conflict with the accompanying narrative (including the statement that Jaffna and other districts recorded zero); this annual value is not a monthly target.
2021,Vavuniya,district,"Chart 08: District wise distribution of occupancy rates of SLTDA Registered Tourists Hotels, 2021",19,annual_occupancy_rate,12.2,source_conflict_requires_review,false,true,true,Raw chart value preserved. Chart 08 labels conflict with the accompanying narrative (including the statement that Jaffna and other districts recorded zero); this annual value is not a monthly target.
