date,year,month,canonical_region,occupancy_rate,total_arrivals,room_capacity,source_granularity,aggregation_method,source_district_count,is_pandemic_period,source_years,needs_manual_review,month_sin,month_cos,arrivals_lag_1,arrivals_growth_1m,arrivals_rolling_3,occupancy_lag_1,occupancy_lag_2,occupancy_lag_3,occupancy_rolling_3,target_available,lag_1_available,lag_2_available,lag_3_available,rolling_3_available,arrivals_lag_1_available,arrivals_growth_1m_available,arrivals_rolling_3_available
2017-01-01,2017,1,Ancient Cities,73.67,219360,4024,resort_region,source_resort_region,0,false,2017,false,0.5,0.8660254038,,,,,,,,true,false,false,false,false,false,false,false
2017-01-01,2017,1,Colombo City,73.2,219360,5310,resort_region,source_resort_region,0,false,2017,false,0.5,0.8660254038,,,,,,,,true,false,false,false,false,false,false,false
2017-01-01,2017,1,East Coast,70.65,219360,1129,resort_region,source_resort_region,0,false,2017,false,0.5,0.8660254038,,,,,,,,true,false,false,false,false,false,false,false
2017-01-01,2017,1,Greater Colombo,73.44,219360,3225,resort_region,source_resort_region,0,false,2017,false,0.5,0.8660254038,,,,,,,,true,false,false,false,false,false,false,false
2017-01-01,2017,1,Hill Country,69.46,219360,1356,resort_region,source_resort_region,0,false,2017,false,0.5,0.8660254038,,,,,,,,true,false,false,false,false,false,false,false
2017-01-01,2017,1,Northern Region,67.08,219360,163,resort_region,source_resort_region,0,false,2017,false,0.5,0.8660254038,,,,,,,,true,false,false,false,false,false,false,false
2017-01-01,2017,1,South Coast,75.22,219360,8270,resort_region,source_resort_region,0,false,2017,false,0.5,0.8660254038,,,,,,,,true,false,false,false,false,false,false,false
2017-02-01,2017,2,Ancient Cities,75.36,197517,4024,resort_region,source_resort_region,0,false,2017,false,0.8660254038,0.5,219360,-0.0995760394,,73.67,,,,true,true,false,false,false,true,true,false
2017-02-01,2017,2,Colombo City,69.7,197517,5310,resort_region,source_resort_region,0,false,2017,false,0.8660254038,0.5,219360,-0.0995760394,,73.2,,,,true,true,false,false,false,true,true,false
2017-02-01,2017,2,East Coast,76.1,197517,1129,resort_region,source_resort_region,0,false,2017,false,0.8660254038,0.5,219360,-0.0995760394,,70.65,,,,true,true,false,false,false,true,true,false
2017-02-01,2017,2,Greater Colombo,71.62,197517,3225,resort_region,source_resort_region,0,false,2017,false,0.8660254038,0.5,219360,-0.0995760394,,73.44,,,,true,true,false,false,false,true,true,false
2017-02-01,2017,2,Hill Country,73.43,197517,1356,resort_region,source_resort_region,0,false,2017,false,0.8660254038,0.5,219360,-0.0995760394,,69.46,,,,true,true,false,false,false,true,true,false
2017-02-01,2017,2,Northern Region,68.77,197517,163,resort_region,source_resort_region,0,false,2017,false,0.8660254038,0.5,219360,-0.0995760394,,67.08,,,,true,true,false,false,false,true,true,false
2017-02-01,2017,2,South Coast,74.07,197517,8270,resort_region,source_resort_region,0,false,2017,false,0.8660254038,0.5,219360,-0.0995760394,,75.22,,,,true,true,false,false,false,true,true,false
2017-03-01,2017,3,Ancient Cities,73.11,188076,4024,resort_region,source_resort_region,0,false,2017,false,1.0,0.0,197517,-0.0477984174,,75.36,73.67,,,true,true,true,false,false,true,true,false
2017-03-01,2017,3,Colombo City,72.8,188076,5310,resort_region,source_resort_region,0,false,2017,false,1.0,0.0,197517,-0.0477984174,,69.7,73.2,,,true,true,true,false,false,true,true,false
2017-03-01,2017,3,East Coast,74.48,188076,1129,resort_region,source_resort_region,0,false,2017,false,1.0,0.0,197517,-0.0477984174,,76.1,70.65,,,true,true,true,false,false,true,true,false
2017-03-01,2017,3,Greater Colombo,73.11,188076,3225,resort_region,source_resort_region,0,false,2017,false,1.0,0.0,197517,-0.0477984174,,71.62,73.44,,,true,true,true,false,false,true,true,false
2017-03-01,2017,3,Hill Country,75.03,188076,1356,resort_region,source_resort_region,0,false,2017,false,1.0,0.0,197517,-0.0477984174,,73.43,69.46,,,true,true,true,false,false,true,true,false
2017-03-01,2017,3,Northern Region,68.09,188076,163,resort_region,source_resort_region,0,false,2017,false,1.0,0.0,197517,-0.0477984174,,68.77,67.08,,,true,true,true,false,false,true,true,false
2017-03-01,2017,3,South Coast,70.9,188076,8270,resort_region,source_resort_region,0,false,2017,false,1.0,0.0,197517,-0.0477984174,,74.07,75.22,,,true,true,true,false,false,true,true,false
2017-04-01,2017,4,Ancient Cities,68.89,160249,4024,resort_region,source_resort_region,0,false,2017,false,0.8660254038,-0.5,188076,-0.1479561454,201651,73.11,75.36,73.67,74.046667,true,true,true,true,true,true,true,true
2017-04-01,2017,4,Colombo City,67.92,160249,5310,resort_region,source_resort_region,0,false,2017,false,0.8660254038,-0.5,188076,-0.1479561454,201651,72.8,69.7,73.2,71.9,true,true,true,true,true,true,true,true
2017-04-01,2017,4,East Coast,66.78,160249,1129,resort_region,source_resort_region,0,false,2017,false,0.8660254038,-0.5,188076,-0.1479561454,201651,74.48,76.1,70.65,73.743333,true,true,true,true,true,true,true,true
2017-04-01,2017,4,Greater Colombo,63.49,160249,3225,resort_region,source_resort_region,0,false,2017,false,0.8660254038,-0.5,188076,-0.1479561454,201651,73.11,71.62,73.44,72.723333,true,true,true,true,true,true,true,true
2017-04-01,2017,4,Hill Country,70.86,160249,1356,resort_region,source_resort_region,0,false,2017,false,0.8660254038,-0.5,188076,-0.1479561454,201651,75.03,73.43,69.46,72.64,true,true,true,true,true,true,true,true
2017-04-01,2017,4,Northern Region,65.92,160249,163,resort_region,source_resort_region,0,false,2017,false,0.8660254038,-0.5,188076,-0.1479561454,201651,68.09,68.77,67.08,67.98,true,true,true,true,true,true,true,true
2017-04-01,2017,4,South Coast,67.32,160249,8270,resort_region,source_resort_region,0,false,2017,false,0.8660254038,-0.5,188076,-0.1479561454,201651,70.9,74.07,75.22,73.396667,true,true,true,true,true,true,true,true
2017-05-01,2017,5,Ancient Cities,66.27,121891,4024,resort_region,source_resort_region,0,false,2017,false,0.5,-0.8660254038,160249,-0.2393649882,181947.333333,68.89,73.11,75.36,72.453333,true,true,true,true,true,true,true,true
2017-05-01,2017,5,Colombo City,79.53,121891,5310,resort_region,source_resort_region,0,false,2017,false,0.5,-0.8660254038,160249,-0.2393649882,181947.333333,67.92,72.8,69.7,70.14,true,true,true,true,true,true,true,true
2017-05-01,2017,5,East Coast,68.09,121891,1129,resort_region,source_resort_region,0,false,2017,false,0.5,-0.8660254038,160249,-0.2393649882,181947.333333,66.78,74.48,76.1,72.453333,true,true,true,true,true,true,true,true
2017-05-01,2017,5,Greater Colombo,73.3,121891,3225,resort_region,source_resort_region,0,false,2017,false,0.5,-0.8660254038,160249,-0.2393649882,181947.333333,63.49,73.11,71.62,69.406667,true,true,true,true,true,true,true,true
2017-05-01,2017,5,Hill Country,70.27,121891,1356,resort_region,source_resort_region,0,false,2017,false,0.5,-0.8660254038,160249,-0.2393649882,181947.333333,70.86,75.03,73.43,73.106667,true,true,true,true,true,true,true,true
2017-05-01,2017,5,Northern Region,68.63,121891,163,resort_region,source_resort_region,0,false,2017,false,0.5,-0.8660254038,160249,-0.2393649882,181947.333333,65.92,68.09,68.77,67.593333,true,true,true,true,true,true,true,true
2017-05-01,2017,5,South Coast,68.54,121891,8270,resort_region,source_resort_region,0,false,2017,false,0.5,-0.8660254038,160249,-0.2393649882,181947.333333,67.32,70.9,74.07,70.763333,true,true,true,true,true,true,true,true
2017-06-01,2017,6,Ancient Cities,72.2,123351,4024,resort_region,source_resort_region,0,false,2017,false,0.0,-1.0,121891,0.0119779147,156738.666667,66.27,68.89,73.11,69.423333,true,true,true,true,true,true,true,true
2017-06-01,2017,6,Colombo City,72.86,123351,5310,resort_region,source_resort_region,0,false,2017,false,0.0,-1.0,121891,0.0119779147,156738.666667,79.53,67.92,72.8,73.416667,true,true,true,true,true,true,true,true
2017-06-01,2017,6,East Coast,74.88,123351,1129,resort_region,source_resort_region,0,false,2017,false,0.0,-1.0,121891,0.0119779147,156738.666667,68.09,66.78,74.48,69.783333,true,true,true,true,true,true,true,true
2017-06-01,2017,6,Greater Colombo,71.33,123351,3225,resort_region,source_resort_region,0,false,2017,false,0.0,-1.0,121891,0.0119779147,156738.666667,73.3,63.49,73.11,69.966667,true,true,true,true,true,true,true,true
2017-06-01,2017,6,Hill Country,78.84,123351,1356,resort_region,source_resort_region,0,false,2017,false,0.0,-1.0,121891,0.0119779147,156738.666667,70.27,70.86,75.03,72.053333,true,true,true,true,true,true,true,true
2017-06-01,2017,6,Northern Region,78.14,123351,163,resort_region,source_resort_region,0,false,2017,false,0.0,-1.0,121891,0.0119779147,156738.666667,68.63,65.92,68.09,67.546667,true,true,true,true,true,true,true,true
2017-06-01,2017,6,South Coast,70.11,123351,8270,resort_region,source_resort_region,0,false,2017,false,0.0,-1.0,121891,0.0119779147,156738.666667,68.54,67.32,70.9,68.92,true,true,true,true,true,true,true,true
2017-07-01,2017,7,Ancient Cities,69.74,205482,4024,resort_region,source_resort_region,0,false,2017,false,-0.5,-0.8660254038,123351,0.6658316511,135163.666667,72.2,66.27,68.89,69.12,true,true,true,true,true,true,true,true
2017-07-01,2017,7,Colombo City,71.17,205482,5310,resort_region,source_resort_region,0,false,2017,false,-0.5,-0.8660254038,123351,0.6658316511,135163.666667,72.86,79.53,67.92,73.436667,true,true,true,true,true,true,true,true
2017-07-01,2017,7,East Coast,69.08,205482,1129,resort_region,source_resort_region,0,false,2017,false,-0.5,-0.8660254038,123351,0.6658316511,135163.666667,74.88,68.09,66.78,69.916667,true,true,true,true,true,true,true,true
2017-07-01,2017,7,Greater Colombo,70.03,205482,3225,resort_region,source_resort_region,0,false,2017,false,-0.5,-0.8660254038,123351,0.6658316511,135163.666667,71.33,73.3,63.49,69.373333,true,true,true,true,true,true,true,true
2017-07-01,2017,7,Hill Country,68.63,205482,1356,resort_region,source_resort_region,0,false,2017,false,-0.5,-0.8660254038,123351,0.6658316511,135163.666667,78.84,70.27,70.86,73.323333,true,true,true,true,true,true,true,true
2017-07-01,2017,7,Northern Region,66.91,205482,163,resort_region,source_resort_region,0,false,2017,false,-0.5,-0.8660254038,123351,0.6658316511,135163.666667,78.14,68.63,65.92,70.896667,true,true,true,true,true,true,true,true
2017-07-01,2017,7,South Coast,70.53,205482,8270,resort_region,source_resort_region,0,false,2017,false,-0.5,-0.8660254038,123351,0.6658316511,135163.666667,70.11,68.54,67.32,68.656667,true,true,true,true,true,true,true,true
2017-08-01,2017,8,Ancient Cities,79.68,190928,4024,resort_region,source_resort_region,0,false,2017,false,-0.8660254038,-0.5,205482,-0.0708285884,150241.333333,69.74,72.2,66.27,69.403333,true,true,true,true,true,true,true,true
2017-08-01,2017,8,Colombo City,81.57,190928,5310,resort_region,source_resort_region,0,false,2017,false,-0.8660254038,-0.5,205482,-0.0708285884,150241.333333,71.17,72.86,79.53,74.52,true,true,true,true,true,true,true,true
2017-08-01,2017,8,East Coast,79.3,190928,1129,resort_region,source_resort_region,0,false,2017,false,-0.8660254038,-0.5,205482,-0.0708285884,150241.333333,69.08,74.88,68.09,70.683333,true,true,true,true,true,true,true,true
2017-08-01,2017,8,Greater Colombo,77.32,190928,3225,resort_region,source_resort_region,0,false,2017,false,-0.8660254038,-0.5,205482,-0.0708285884,150241.333333,70.03,71.33,73.3,71.553333,true,true,true,true,true,true,true,true
2017-08-01,2017,8,Hill Country,74.24,190928,1356,resort_region,source_resort_region,0,false,2017,false,-0.8660254038,-0.5,205482,-0.0708285884,150241.333333,68.63,78.84,70.27,72.58,true,true,true,true,true,true,true,true
2017-08-01,2017,8,Northern Region,72.05,190928,163,resort_region,source_resort_region,0,false,2017,false,-0.8660254038,-0.5,205482,-0.0708285884,150241.333333,66.91,78.14,68.63,71.226667,true,true,true,true,true,true,true,true
2017-08-01,2017,8,South Coast,73.29,190928,8270,resort_region,source_resort_region,0,false,2017,false,-0.8660254038,-0.5,205482,-0.0708285884,150241.333333,70.53,70.11,68.54,69.726667,true,true,true,true,true,true,true,true
2017-09-01,2017,9,Ancient Cities,78.73,145077,4024,resort_region,source_resort_region,0,false,2017,false,-1.0,-0.0,190928,-0.2401481187,173253.666667,79.68,69.74,72.2,73.873333,true,true,true,true,true,true,true,true
2017-09-01,2017,9,Colombo City,75.06,145077,5310,resort_region,source_resort_region,0,false,2017,false,-1.0,-0.0,190928,-0.2401481187,173253.666667,81.57,71.17,72.86,75.2,true,true,true,true,true,true,true,true
2017-09-01,2017,9,East Coast,79.12,145077,1129,resort_region,source_resort_region,0,false,2017,false,-1.0,-0.0,190928,-0.2401481187,173253.666667,79.3,69.08,74.88,74.42,true,true,true,true,true,true,true,true
2017-09-01,2017,9,Greater Colombo,75.76,145077,3225,resort_region,source_resort_region,0,false,2017,false,-1.0,-0.0,190928,-0.2401481187,173253.666667,77.32,70.03,71.33,72.893333,true,true,true,true,true,true,true,true
2017-09-01,2017,9,Hill Country,77.95,145077,1356,resort_region,source_resort_region,0,false,2017,false,-1.0,-0.0,190928,-0.2401481187,173253.666667,74.24,68.63,78.84,73.903333,true,true,true,true,true,true,true,true
2017-09-01,2017,9,Northern Region,73.41,145077,163,resort_region,source_resort_region,0,false,2017,false,-1.0,-0.0,190928,-0.2401481187,173253.666667,72.05,66.91,78.14,72.366667,true,true,true,true,true,true,true,true
2017-09-01,2017,9,South Coast,76.69,145077,8270,resort_region,source_resort_region,0,false,2017,false,-1.0,-0.0,190928,-0.2401481187,173253.666667,73.29,70.53,70.11,71.31,true,true,true,true,true,true,true,true
2017-10-01,2017,10,Ancient Cities,71.45,152429,4024,resort_region,source_resort_region,0,false,2017,false,-0.8660254038,0.5,145077,0.0506765373,180495.666667,78.73,79.68,69.74,76.05,true,true,true,true,true,true,true,true
2017-10-01,2017,10,Colombo City,78.2,152429,5310,resort_region,source_resort_region,0,false,2017,false,-0.8660254038,0.5,145077,0.0506765373,180495.666667,75.06,81.57,71.17,75.933333,true,true,true,true,true,true,true,true
2017-10-01,2017,10,East Coast,73.19,152429,1129,resort_region,source_resort_region,0,false,2017,false,-0.8660254038,0.5,145077,0.0506765373,180495.666667,79.12,79.3,69.08,75.833333,true,true,true,true,true,true,true,true
2017-10-01,2017,10,Greater Colombo,73.35,152429,3225,resort_region,source_resort_region,0,false,2017,false,-0.8660254038,0.5,145077,0.0506765373,180495.666667,75.76,77.32,70.03,74.37,true,true,true,true,true,true,true,true
2017-10-01,2017,10,Hill Country,72.63,152429,1356,resort_region,source_resort_region,0,false,2017,false,-0.8660254038,0.5,145077,0.0506765373,180495.666667,77.95,74.24,68.63,73.606667,true,true,true,true,true,true,true,true
2017-10-01,2017,10,Northern Region,72.33,152429,163,resort_region,source_resort_region,0,false,2017,false,-0.8660254038,0.5,145077,0.0506765373,180495.666667,73.41,72.05,66.91,70.79,true,true,true,true,true,true,true,true
2017-10-01,2017,10,South Coast,71.05,152429,8270,resort_region,source_resort_region,0,false,2017,false,-0.8660254038,0.5,145077,0.0506765373,180495.666667,76.69,73.29,70.53,73.503333,true,true,true,true,true,true,true,true
2017-11-01,2017,11,Ancient Cities,77.44,167511,4024,resort_region,source_resort_region,0,false,2017,false,-0.5,0.8660254038,152429,0.0989444266,162811.333333,71.45,78.73,79.68,76.62,true,true,true,true,true,true,true,true
2017-11-01,2017,11,Colombo City,78.34,167511,5310,resort_region,source_resort_region,0,false,2017,false,-0.5,0.8660254038,152429,0.0989444266,162811.333333,78.2,75.06,81.57,78.276667,true,true,true,true,true,true,true,true
2017-11-01,2017,11,East Coast,68.31,167511,1129,resort_region,source_resort_region,0,false,2017,false,-0.5,0.8660254038,152429,0.0989444266,162811.333333,73.19,79.12,79.3,77.203333,true,true,true,true,true,true,true,true
2017-11-01,2017,11,Greater Colombo,76.32,167511,3225,resort_region,source_resort_region,0,false,2017,false,-0.5,0.8660254038,152429,0.0989444266,162811.333333,73.35,75.76,77.32,75.476667,true,true,true,true,true,true,true,true
2017-11-01,2017,11,Hill Country,72.18,167511,1356,resort_region,source_resort_region,0,false,2017,false,-0.5,0.8660254038,152429,0.0989444266,162811.333333,72.63,77.95,74.24,74.94,true,true,true,true,true,true,true,true
2017-11-01,2017,11,Northern Region,74.31,167511,163,resort_region,source_resort_region,0,false,2017,false,-0.5,0.8660254038,152429,0.0989444266,162811.333333,72.33,73.41,72.05,72.596667,true,true,true,true,true,true,true,true
2017-11-01,2017,11,South Coast,72.39,167511,8270,resort_region,source_resort_region,0,false,2017,false,-0.5,0.8660254038,152429,0.0989444266,162811.333333,71.05,76.69,73.29,73.676667,true,true,true,true,true,true,true,true
2017-12-01,2017,12,Ancient Cities,79.7,244536,4024,resort_region,source_resort_region,0,false,2017,false,-0.0,1.0,167511,0.4598205491,155005.666667,77.44,71.45,78.73,75.873333,true,true,true,true,true,true,true,true
2017-12-01,2017,12,Colombo City,83.41,244536,5310,resort_region,source_resort_region,0,false,2017,false,-0.0,1.0,167511,0.4598205491,155005.666667,78.34,78.2,75.06,77.2,true,true,true,true,true,true,true,true
2017-12-01,2017,12,East Coast,75.38,244536,1129,resort_region,source_resort_region,0,false,2017,false,-0.0,1.0,167511,0.4598205491,155005.666667,68.31,73.19,79.12,73.54,true,true,true,true,true,true,true,true
2017-12-01,2017,12,Greater Colombo,78.68,244536,3225,resort_region,source_resort_region,0,false,2017,false,-0.0,1.0,167511,0.4598205491,155005.666667,76.32,73.35,75.76,75.143333,true,true,true,true,true,true,true,true
2017-12-01,2017,12,Hill Country,79.1,244536,1356,resort_region,source_resort_region,0,false,2017,false,-0.0,1.0,167511,0.4598205491,155005.666667,72.18,72.63,77.95,74.253333,true,true,true,true,true,true,true,true
2017-12-01,2017,12,Northern Region,76.12,244536,163,resort_region,source_resort_region,0,false,2017,false,-0.0,1.0,167511,0.4598205491,155005.666667,74.31,72.33,73.41,73.35,true,true,true,true,true,true,true,true
2017-12-01,2017,12,South Coast,78.44,244536,8270,resort_region,source_resort_region,0,false,2017,false,-0.0,1.0,167511,0.4598205491,155005.666667,72.39,71.05,76.69,73.376667,true,true,true,true,true,true,true,true
2018-01-01,2018,1,Ancient Cities,74.23,238924,4360,resort_region,source_resort_region,0,false,2018,false,0.5,0.8660254038,244536,-0.0229495862,188158.666667,79.7,77.44,71.45,76.196667,true,true,true,true,true,true,true,true
2018-01-01,2018,1,Colombo City,81.92,238924,5607,resort_region,source_resort_region,0,false,2018,false,0.5,0.8660254038,244536,-0.0229495862,188158.666667,83.41,78.34,78.2,79.983333,true,true,true,true,true,true,true,true
2018-01-01,2018,1,East Coast,70.28,238924,1149,resort_region,source_resort_region,0,false,2018,false,0.5,0.8660254038,244536,-0.0229495862,188158.666667,75.38,68.31,73.19,72.293333,true,true,true,true,true,true,true,true
2018-01-01,2018,1,Greater Colombo,77.77,238924,3269,resort_region,source_resort_region,0,false,2018,false,0.5,0.8660254038,244536,-0.0229495862,188158.666667,78.68,76.32,73.35,76.116667,true,true,true,true,true,true,true,true
2018-01-01,2018,1,Hill Country,72.06,238924,1489,resort_region,source_resort_region,0,false,2018,false,0.5,0.8660254038,244536,-0.0229495862,188158.666667,79.1,72.18,72.63,74.636667,true,true,true,true,true,true,true,true
2018-01-01,2018,1,Northern Region,74.66,238924,207,resort_region,source_resort_region,0,false,2018,false,0.5,0.8660254038,244536,-0.0229495862,188158.666667,76.12,74.31,72.33,74.253333,true,true,true,true,true,true,true,true
2018-01-01,2018,1,South Coast,76.89,238924,8676,resort_region,source_resort_region,0,false,2018,false,0.5,0.8660254038,244536,-0.0229495862,188158.666667,78.44,72.39,71.05,73.96,true,true,true,true,true,true,true,true
2018-02-01,2018,2,Ancient Cities,74.25,235618,4360,resort_region,source_resort_region,0,false,2018,false,0.8660254038,0.5,238924,-0.013837036,216990.333333,74.23,79.7,77.44,77.123333,true,true,true,true,true,true,true,true
2018-02-01,2018,2,Colombo City,78.42,235618,5607,resort_region,source_resort_region,0,false,2018,false,0.8660254038,0.5,238924,-0.013837036,216990.333333,81.92,83.41,78.34,81.223333,true,true,true,true,true,true,true,true
2018-02-01,2018,2,East Coast,72.76,235618,1149,resort_region,source_resort_region,0,false,2018,false,0.8660254038,0.5,238924,-0.013837036,216990.333333,70.28,75.38,68.31,71.323333,true,true,true,true,true,true,true,true
2018-02-01,2018,2,Greater Colombo,73.81,235618,3269,resort_region,source_resort_region,0,false,2018,false,0.8660254038,0.5,238924,-0.013837036,216990.333333,77.77,78.68,76.32,77.59,true,true,true,true,true,true,true,true
2018-02-01,2018,2,Hill Country,71.11,235618,1489,resort_region,source_resort_region,0,false,2018,false,0.8660254038,0.5,238924,-0.013837036,216990.333333,72.06,79.1,72.18,74.446667,true,true,true,true,true,true,true,true
2018-02-01,2018,2,Northern Region,72.33,235618,207,resort_region,source_resort_region,0,false,2018,false,0.8660254038,0.5,238924,-0.013837036,216990.333333,74.66,76.12,74.31,75.03,true,true,true,true,true,true,true,true
2018-02-01,2018,2,South Coast,75.55,235618,8676,resort_region,source_resort_region,0,false,2018,false,0.8660254038,0.5,238924,-0.013837036,216990.333333,76.89,78.44,72.39,75.906667,true,true,true,true,true,true,true,true
2018-03-01,2018,3,Ancient Cities,70.82,233382,4360,resort_region,source_resort_region,0,false,2018,false,1.0,0.0,235618,-0.0094899371,239692.666667,74.25,74.23,79.7,76.06,true,true,true,true,true,true,true,true
2018-03-01,2018,3,Colombo City,79.16,233382,5607,resort_region,source_resort_region,0,false,2018,false,1.0,0.0,235618,-0.0094899371,239692.666667,78.42,81.92,83.41,81.25,true,true,true,true,true,true,true,true
2018-03-01,2018,3,East Coast,73.94,233382,1149,resort_region,source_resort_region,0,false,2018,false,1.0,0.0,235618,-0.0094899371,239692.666667,72.76,70.28,75.38,72.806667,true,true,true,true,true,true,true,true
2018-03-01,2018,3,Greater Colombo,77.25,233382,3269,resort_region,source_resort_region,0,false,2018,false,1.0,0.0,235618,-0.0094899371,239692.666667,73.81,77.77,78.68,76.753333,true,true,true,true,true,true,true,true
2018-03-01,2018,3,Hill Country,73.53,233382,1489,resort_region,source_resort_region,0,false,2018,false,1.0,0.0,235618,-0.0094899371,239692.666667,71.11,72.06,79.1,74.09,true,true,true,true,true,true,true,true
2018-03-01,2018,3,Northern Region,68.23,233382,207,resort_region,source_resort_region,0,false,2018,false,1.0,0.0,235618,-0.0094899371,239692.666667,72.33,74.66,76.12,74.37,true,true,true,true,true,true,true,true
2018-03-01,2018,3,South Coast,71.01,233382,8676,resort_region,source_resort_region,0,false,2018,false,1.0,0.0,235618,-0.0094899371,239692.666667,75.55,76.89,78.44,76.96,true,true,true,true,true,true,true,true
2018-04-01,2018,4,Ancient Cities,69.29,180429,4360,resort_region,source_resort_region,0,false,2018,false,0.8660254038,-0.5,233382,-0.2268941049,235974.666667,70.82,74.25,74.23,73.1,true,true,true,true,true,true,true,true
2018-04-01,2018,4,Colombo City,71.87,180429,5607,resort_region,source_resort_region,0,false,2018,false,0.8660254038,-0.5,233382,-0.2268941049,235974.666667,79.16,78.42,81.92,79.833333,true,true,true,true,true,true,true,true
2018-04-01,2018,4,East Coast,63.42,180429,1149,resort_region,source_resort_region,0,false,2018,false,0.8660254038,-0.5,233382,-0.2268941049,235974.666667,73.94,72.76,70.28,72.326667,true,true,true,true,true,true,true,true
2018-04-01,2018,4,Greater Colombo,70.27,180429,3269,resort_region,source_resort_region,0,false,2018,false,0.8660254038,-0.5,233382,-0.2268941049,235974.666667,77.25,73.81,77.77,76.276667,true,true,true,true,true,true,true,true
2018-04-01,2018,4,Hill Country,64.17,180429,1489,resort_region,source_resort_region,0,false,2018,false,0.8660254038,-0.5,233382,-0.2268941049,235974.666667,73.53,71.11,72.06,72.233333,true,true,true,true,true,true,true,true
2018-04-01,2018,4,Northern Region,59.31,180429,207,resort_region,source_resort_region,0,false,2018,false,0.8660254038,-0.5,233382,-0.2268941049,235974.666667,68.23,72.33,74.66,71.74,true,true,true,true,true,true,true,true
2018-04-01,2018,4,South Coast,67.86,180429,8676,resort_region,source_resort_region,0,false,2018,false,0.8660254038,-0.5,233382,-0.2268941049,235974.666667,71.01,75.55,76.89,74.483333,true,true,true,true,true,true,true,true
2018-05-01,2018,5,Ancient Cities,63.17,129466,4360,resort_region,source_resort_region,0,false,2018,false,0.5,-0.8660254038,180429,-0.2824545943,216476.333333,69.29,70.82,74.25,71.453333,true,true,true,true,true,true,true,true
2018-05-01,2018,5,Colombo City,80.35,129466,5607,resort_region,source_resort_region,0,false,2018,false,0.5,-0.8660254038,180429,-0.2824545943,216476.333333,71.87,79.16,78.42,76.483333,true,true,true,true,true,true,true,true
2018-05-01,2018,5,East Coast,66.47,129466,1149,resort_region,source_resort_region,0,false,2018,false,0.5,-0.8660254038,180429,-0.2824545943,216476.333333,63.42,73.94,72.76,70.04,true,true,true,true,true,true,true,true
2018-05-01,2018,5,Greater Colombo,71.95,129466,3269,resort_region,source_resort_region,0,false,2018,false,0.5,-0.8660254038,180429,-0.2824545943,216476.333333,70.27,77.25,73.81,73.776667,true,true,true,true,true,true,true,true
2018-05-01,2018,5,Hill Country,66.03,129466,1489,resort_region,source_resort_region,0,false,2018,false,0.5,-0.8660254038,180429,-0.2824545943,216476.333333,64.17,73.53,71.11,69.603333,true,true,true,true,true,true,true,true
2018-05-01,2018,5,Northern Region,58.62,129466,207,resort_region,source_resort_region,0,false,2018,false,0.5,-0.8660254038,180429,-0.2824545943,216476.333333,59.31,68.23,72.33,66.623333,true,true,true,true,true,true,true,true
2018-05-01,2018,5,South Coast,66.69,129466,8676,resort_region,source_resort_region,0,false,2018,false,0.5,-0.8660254038,180429,-0.2824545943,216476.333333,67.86,71.01,75.55,71.473333,true,true,true,true,true,true,true,true
2018-06-01,2018,6,Ancient Cities,64.41,146828,4360,resort_region,source_resort_region,0,false,2018,false,0.0,-1.0,129466,0.134104707,181092.333333,63.17,69.29,70.82,67.76,true,true,true,true,true,true,true,true
2018-06-01,2018,6,Colombo City,75.68,146828,5607,resort_region,source_resort_region,0,false,2018,false,0.0,-1.0,129466,0.134104707,181092.333333,80.35,71.87,79.16,77.126667,true,true,true,true,true,true,true,true
2018-06-01,2018,6,East Coast,69.32,146828,1149,resort_region,source_resort_region,0,false,2018,false,0.0,-1.0,129466,0.134104707,181092.333333,66.47,63.42,73.94,67.943333,true,true,true,true,true,true,true,true
2018-06-01,2018,6,Greater Colombo,75.01,146828,3269,resort_region,source_resort_region,0,false,2018,false,0.0,-1.0,129466,0.134104707,181092.333333,71.95,70.27,77.25,73.156667,true,true,true,true,true,true,true,true
2018-06-01,2018,6,Hill Country,63.33,146828,1489,resort_region,source_resort_region,0,false,2018,false,0.0,-1.0,129466,0.134104707,181092.333333,66.03,64.17,73.53,67.91,true,true,true,true,true,true,true,true
2018-06-01,2018,6,Northern Region,69.3,146828,207,resort_region,source_resort_region,0,false,2018,false,0.0,-1.0,129466,0.134104707,181092.333333,58.62,59.31,68.23,62.053333,true,true,true,true,true,true,true,true
2018-06-01,2018,6,South Coast,69.81,146828,8676,resort_region,source_resort_region,0,false,2018,false,0.0,-1.0,129466,0.134104707,181092.333333,66.69,67.86,71.01,68.52,true,true,true,true,true,true,true,true
2018-07-01,2018,7,Ancient Cities,68.84,217829,4360,resort_region,source_resort_region,0,false,2018,false,-0.5,-0.8660254038,146828,0.4835658049,152241,64.41,63.17,69.29,65.623333,true,true,true,true,true,true,true,true
2018-07-01,2018,7,Colombo City,79.41,217829,5607,resort_region,source_resort_region,0,false,2018,false,-0.5,-0.8660254038,146828,0.4835658049,152241,75.68,80.35,71.87,75.966667,true,true,true,true,true,true,true,true
2018-07-01,2018,7,East Coast,72.33,217829,1149,resort_region,source_resort_region,0,false,2018,false,-0.5,-0.8660254038,146828,0.4835658049,152241,69.32,66.47,63.42,66.403333,true,true,true,true,true,true,true,true
2018-07-01,2018,7,Greater Colombo,75.24,217829,3269,resort_region,source_resort_region,0,false,2018,false,-0.5,-0.8660254038,146828,0.4835658049,152241,75.01,71.95,70.27,72.41,true,true,true,true,true,true,true,true
2018-07-01,2018,7,Hill Country,74.68,217829,1489,resort_region,source_resort_region,0,false,2018,false,-0.5,-0.8660254038,146828,0.4835658049,152241,63.33,66.03,64.17,64.51,true,true,true,true,true,true,true,true
2018-07-01,2018,7,Northern Region,67.39,217829,207,resort_region,source_resort_region,0,false,2018,false,-0.5,-0.8660254038,146828,0.4835658049,152241,69.3,58.62,59.31,62.41,true,true,true,true,true,true,true,true
2018-07-01,2018,7,South Coast,73.33,217829,8676,resort_region,source_resort_region,0,false,2018,false,-0.5,-0.8660254038,146828,0.4835658049,152241,69.81,66.69,67.86,68.12,true,true,true,true,true,true,true,true
2018-08-01,2018,8,Ancient Cities,74.99,200359,4360,resort_region,source_resort_region,0,false,2018,false,-0.8660254038,-0.5,217829,-0.0802005243,164707.666667,68.84,64.41,63.17,65.473333,true,true,true,true,true,true,true,true
2018-08-01,2018,8,Colombo City,81.89,200359,5607,resort_region,source_resort_region,0,false,2018,false,-0.8660254038,-0.5,217829,-0.0802005243,164707.666667,79.41,75.68,80.35,78.48,true,true,true,true,true,true,true,true
2018-08-01,2018,8,East Coast,80.38,200359,1149,resort_region,source_resort_region,0,false,2018,false,-0.8660254038,-0.5,217829,-0.0802005243,164707.666667,72.33,69.32,66.47,69.373333,true,true,true,true,true,true,true,true
2018-08-01,2018,8,Greater Colombo,76.01,200359,3269,resort_region,source_resort_region,0,false,2018,false,-0.8660254038,-0.5,217829,-0.0802005243,164707.666667,75.24,75.01,71.95,74.066667,true,true,true,true,true,true,true,true
2018-08-01,2018,8,Hill Country,77.04,200359,1489,resort_region,source_resort_region,0,false,2018,false,-0.8660254038,-0.5,217829,-0.0802005243,164707.666667,74.68,63.33,66.03,68.013333,true,true,true,true,true,true,true,true
2018-08-01,2018,8,Northern Region,71.62,200359,207,resort_region,source_resort_region,0,false,2018,false,-0.8660254038,-0.5,217829,-0.0802005243,164707.666667,67.39,69.3,58.62,65.103333,true,true,true,true,true,true,true,true
2018-08-01,2018,8,South Coast,72.15,200359,8676,resort_region,source_resort_region,0,false,2018,false,-0.8660254038,-0.5,217829,-0.0802005243,164707.666667,73.33,69.81,66.69,69.943333,true,true,true,true,true,true,true,true
2018-09-01,2018,9,Ancient Cities,74.21,149087,4360,resort_region,source_resort_region,0,false,2018,false,-1.0,-0.0,200359,-0.2559006583,188338.666667,74.99,68.84,64.41,69.413333,true,true,true,true,true,true,true,true
2018-09-01,2018,9,Colombo City,76.53,149087,5607,resort_region,source_resort_region,0,false,2018,false,-1.0,-0.0,200359,-0.2559006583,188338.666667,81.89,79.41,75.68,78.993333,true,true,true,true,true,true,true,true
2018-09-01,2018,9,East Coast,77.33,149087,1149,resort_region,source_resort_region,0,false,2018,false,-1.0,-0.0,200359,-0.2559006583,188338.666667,80.38,72.33,69.32,74.01,true,true,true,true,true,true,true,true
2018-09-01,2018,9,Greater Colombo,77.0,149087,3269,resort_region,source_resort_region,0,false,2018,false,-1.0,-0.0,200359,-0.2559006583,188338.666667,76.01,75.24,75.01,75.42,true,true,true,true,true,true,true,true
2018-09-01,2018,9,Hill Country,77.14,149087,1489,resort_region,source_resort_region,0,false,2018,false,-1.0,-0.0,200359,-0.2559006583,188338.666667,77.04,74.68,63.33,71.683333,true,true,true,true,true,true,true,true
2018-09-01,2018,9,Northern Region,68.76,149087,207,resort_region,source_resort_region,0,false,2018,false,-1.0,-0.0,200359,-0.2559006583,188338.666667,71.62,67.39,69.3,69.436667,true,true,true,true,true,true,true,true
2018-09-01,2018,9,South Coast,75.64,149087,8676,resort_region,source_resort_region,0,false,2018,false,-1.0,-0.0,200359,-0.2559006583,188338.666667,72.15,73.33,69.81,71.763333,true,true,true,true,true,true,true,true
2018-10-01,2018,10,Ancient Cities,72.32,153123,4360,resort_region,source_resort_region,0,false,2018,false,-0.8660254038,0.5,149087,0.0270714415,189091.666667,74.21,74.99,68.84,72.68,true,true,true,true,true,true,true,true
2018-10-01,2018,10,Colombo City,78.14,153123,5607,resort_region,source_resort_region,0,false,2018,false,-0.8660254038,0.5,149087,0.0270714415,189091.666667,76.53,81.89,79.41,79.276667,true,true,true,true,true,true,true,true
2018-10-01,2018,10,East Coast,72.12,153123,1149,resort_region,source_resort_region,0,false,2018,false,-0.8660254038,0.5,149087,0.0270714415,189091.666667,77.33,80.38,72.33,76.68,true,true,true,true,true,true,true,true
2018-10-01,2018,10,Greater Colombo,74.55,153123,3269,resort_region,source_resort_region,0,false,2018,false,-0.8660254038,0.5,149087,0.0270714415,189091.666667,77.0,76.01,75.24,76.083333,true,true,true,true,true,true,true,true
2018-10-01,2018,10,Hill Country,69.16,153123,1489,resort_region,source_resort_region,0,false,2018,false,-0.8660254038,0.5,149087,0.0270714415,189091.666667,77.14,77.04,74.68,76.286667,true,true,true,true,true,true,true,true
2018-10-01,2018,10,Northern Region,69.61,153123,207,resort_region,source_resort_region,0,false,2018,false,-0.8660254038,0.5,149087,0.0270714415,189091.666667,68.76,71.62,67.39,69.256667,true,true,true,true,true,true,true,true
2018-10-01,2018,10,South Coast,75.88,153123,8676,resort_region,source_resort_region,0,false,2018,false,-0.8660254038,0.5,149087,0.0270714415,189091.666667,75.64,72.15,73.33,73.706667,true,true,true,true,true,true,true,true
2018-11-01,2018,11,Ancient Cities,75.27,195582,4360,resort_region,source_resort_region,0,false,2018,false,-0.5,0.8660254038,153123,0.277286887,167523,72.32,74.21,74.99,73.84,true,true,true,true,true,true,true,true
2018-11-01,2018,11,Colombo City,82.79,195582,5607,resort_region,source_resort_region,0,false,2018,false,-0.5,0.8660254038,153123,0.277286887,167523,78.14,76.53,81.89,78.853333,true,true,true,true,true,true,true,true
2018-11-01,2018,11,East Coast,65.24,195582,1149,resort_region,source_resort_region,0,false,2018,false,-0.5,0.8660254038,153123,0.277286887,167523,72.12,77.33,80.38,76.61,true,true,true,true,true,true,true,true
2018-11-01,2018,11,Greater Colombo,77.13,195582,3269,resort_region,source_resort_region,0,false,2018,false,-0.5,0.8660254038,153123,0.277286887,167523,74.55,77.0,76.01,75.853333,true,true,true,true,true,true,true,true
2018-11-01,2018,11,Hill Country,75.11,195582,1489,resort_region,source_resort_region,0,false,2018,false,-0.5,0.8660254038,153123,0.277286887,167523,69.16,77.14,77.04,74.446667,true,true,true,true,true,true,true,true
2018-11-01,2018,11,Northern Region,66.52,195582,207,resort_region,source_resort_region,0,false,2018,false,-0.5,0.8660254038,153123,0.277286887,167523,69.61,68.76,71.62,69.996667,true,true,true,true,true,true,true,true
2018-11-01,2018,11,South Coast,75.02,195582,8676,resort_region,source_resort_region,0,false,2018,false,-0.5,0.8660254038,153123,0.277286887,167523,75.88,75.64,72.15,74.556667,true,true,true,true,true,true,true,true
2018-12-01,2018,12,Ancient Cities,74.65,253169,4360,resort_region,source_resort_region,0,false,2018,false,-0.0,1.0,195582,0.2944391611,165930.666667,75.27,72.32,74.21,73.933333,true,true,true,true,true,true,true,true
2018-12-01,2018,12,Colombo City,84.13,253169,5607,resort_region,source_resort_region,0,false,2018,false,-0.0,1.0,195582,0.2944391611,165930.666667,82.79,78.14,76.53,79.153333,true,true,true,true,true,true,true,true
2018-12-01,2018,12,East Coast,72.55,253169,1149,resort_region,source_resort_region,0,false,2018,false,-0.0,1.0,195582,0.2944391611,165930.666667,65.24,72.12,77.33,71.563333,true,true,true,true,true,true,true,true
2018-12-01,2018,12,Greater Colombo,78.98,253169,3269,resort_region,source_resort_region,0,false,2018,false,-0.0,1.0,195582,0.2944391611,165930.666667,77.13,74.55,77.0,76.226667,true,true,true,true,true,true,true,true
2018-12-01,2018,12,Hill Country,76.64,253169,1489,resort_region,source_resort_region,0,false,2018,false,-0.0,1.0,195582,0.2944391611,165930.666667,75.11,69.16,77.14,73.803333,true,true,true,true,true,true,true,true
2018-12-01,2018,12,Northern Region,75.43,253169,207,resort_region,source_resort_region,0,false,2018,false,-0.0,1.0,195582,0.2944391611,165930.666667,66.52,69.61,68.76,68.296667,true,true,true,true,true,true,true,true
2018-12-01,2018,12,South Coast,77.31,253169,8676,resort_region,source_resort_region,0,false,2018,false,-0.0,1.0,195582,0.2944391611,165930.666667,75.02,75.88,75.64,75.513333,true,true,true,true,true,true,true,true
2019-01-01,2019,1,Ancient Cities,76.73,244239,4462,resort_region,source_resort_region,0,false,2019,false,0.5,0.8660254038,253169,-0.035272881,200624.666667,74.65,75.27,72.32,74.08,true,true,true,true,true,true,true,true
2019-01-01,2019,1,Colombo City,84.34,244239,5638,resort_region,source_resort_region,0,false,2019,false,0.5,0.8660254038,253169,-0.035272881,200624.666667,84.13,82.79,78.14,81.686667,true,true,true,true,true,true,true,true
2019-01-01,2019,1,East Coast,78.91,244239,1201,resort_region,source_resort_region,0,false,2019,false,0.5,0.8660254038,253169,-0.035272881,200624.666667,72.55,65.24,72.12,69.97,true,true,true,true,true,true,true,true
2019-01-01,2019,1,Greater Colombo,80.83,244239,3052,resort_region,source_resort_region,0,false,2019,false,0.5,0.8660254038,253169,-0.035272881,200624.666667,78.98,77.13,74.55,76.886667,true,true,true,true,true,true,true,true
2019-01-01,2019,1,Hill Country,78.4,244239,1548,resort_region,source_resort_region,0,false,2019,false,0.5,0.8660254038,253169,-0.035272881,200624.666667,76.64,75.11,69.16,73.636667,true,true,true,true,true,true,true,true
2019-01-01,2019,1,Northern Region,70.71,244239,235,resort_region,source_resort_region,0,false,2019,false,0.5,0.8660254038,253169,-0.035272881,200624.666667,75.43,66.52,69.61,70.52,true,true,true,true,true,true,true,true
2019-01-01,2019,1,South Coast,80.06,244239,8695,resort_region,source_resort_region,0,false,2019,false,0.5,0.8660254038,253169,-0.035272881,200624.666667,77.31,75.02,75.88,76.07,true,true,true,true,true,true,true,true
2019-02-01,2019,2,Ancient Cities,76.86,252033,4462,resort_region,source_resort_region,0,false,2019,false,0.8660254038,0.5,244239,0.0319113655,230996.666667,76.73,74.65,75.27,75.55,true,true,true,true,true,true,true,true
2019-02-01,2019,2,Colombo City,83.11,252033,5638,resort_region,source_resort_region,0,false,2019,false,0.8660254038,0.5,244239,0.0319113655,230996.666667,84.34,84.13,82.79,83.753333,true,true,true,true,true,true,true,true
2019-02-01,2019,2,East Coast,76.24,252033,1201,resort_region,source_resort_region,0,false,2019,false,0.8660254038,0.5,244239,0.0319113655,230996.666667,78.91,72.55,65.24,72.233333,true,true,true,true,true,true,true,true
2019-02-01,2019,2,Greater Colombo,78.76,252033,3052,resort_region,source_resort_region,0,false,2019,false,0.8660254038,0.5,244239,0.0319113655,230996.666667,80.83,78.98,77.13,78.98,true,true,true,true,true,true,true,true
2019-02-01,2019,2,Hill Country,76.77,252033,1548,resort_region,source_resort_region,0,false,2019,false,0.8660254038,0.5,244239,0.0319113655,230996.666667,78.4,76.64,75.11,76.716667,true,true,true,true,true,true,true,true
2019-02-01,2019,2,Northern Region,72.92,252033,235,resort_region,source_resort_region,0,false,2019,false,0.8660254038,0.5,244239,0.0319113655,230996.666667,70.71,75.43,66.52,70.886667,true,true,true,true,true,true,true,true
2019-02-01,2019,2,South Coast,77.1,252033,8695,resort_region,source_resort_region,0,false,2019,false,0.8660254038,0.5,244239,0.0319113655,230996.666667,80.06,77.31,75.02,77.463333,true,true,true,true,true,true,true,true
2019-03-01,2019,3,Ancient Cities,74.05,244328,4462,resort_region,source_resort_region,0,false,2019,false,1.0,0.0,252033,-0.0305713934,249813.666667,76.86,76.73,74.65,76.08,true,true,true,true,true,true,true,true
2019-03-01,2019,3,Colombo City,76.91,244328,5638,resort_region,source_resort_region,0,false,2019,false,1.0,0.0,252033,-0.0305713934,249813.666667,83.11,84.34,84.13,83.86,true,true,true,true,true,true,true,true
2019-03-01,2019,3,East Coast,73.89,244328,1201,resort_region,source_resort_region,0,false,2019,false,1.0,0.0,252033,-0.0305713934,249813.666667,76.24,78.91,72.55,75.9,true,true,true,true,true,true,true,true
2019-03-01,2019,3,Greater Colombo,76.15,244328,3052,resort_region,source_resort_region,0,false,2019,false,1.0,0.0,252033,-0.0305713934,249813.666667,78.76,80.83,78.98,79.523333,true,true,true,true,true,true,true,true
2019-03-01,2019,3,Hill Country,72.84,244328,1548,resort_region,source_resort_region,0,false,2019,false,1.0,0.0,252033,-0.0305713934,249813.666667,76.77,78.4,76.64,77.27,true,true,true,true,true,true,true,true
2019-03-01,2019,3,Northern Region,64.86,244328,235,resort_region,source_resort_region,0,false,2019,false,1.0,0.0,252033,-0.0305713934,249813.666667,72.92,70.71,75.43,73.02,true,true,true,true,true,true,true,true
2019-03-01,2019,3,South Coast,71.57,244328,8695,resort_region,source_resort_region,0,false,2019,false,1.0,0.0,252033,-0.0305713934,249813.666667,77.1,80.06,77.31,78.156667,true,true,true,true,true,true,true,true
2019-04-01,2019,4,Ancient Cities,59.75,166975,4462,resort_region,source_resort_region,0,false,2019,false,0.8660254038,-0.5,244328,-0.3165949052,246866.666667,74.05,76.86,76.73,75.88,true,true,true,true,true,true,true,true
2019-04-01,2019,4,Colombo City,74.73,166975,5638,resort_region,source_resort_region,0,false,2019,false,0.8660254038,-0.5,244328,-0.3165949052,246866.666667,76.91,83.11,84.34,81.453333,true,true,true,true,true,true,true,true
2019-04-01,2019,4,East Coast,64.23,166975,1201,resort_region,source_resort_region,0,false,2019,false,0.8660254038,-0.5,244328,-0.3165949052,246866.666667,73.89,76.24,78.91,76.346667,true,true,true,true,true,true,true,true
2019-04-01,2019,4,Greater Colombo,69.49,166975,3052,resort_region,source_resort_region,0,false,2019,false,0.8660254038,-0.5,244328,-0.3165949052,246866.666667,76.15,78.76,80.83,78.58,true,true,true,true,true,true,true,true
2019-04-01,2019,4,Hill Country,65.68,166975,1548,resort_region,source_resort_region,0,false,2019,false,0.8660254038,-0.5,244328,-0.3165949052,246866.666667,72.84,76.77,78.4,76.003333,true,true,true,true,true,true,true,true
2019-04-01,2019,4,Northern Region,49.23,166975,235,resort_region,source_resort_region,0,false,2019,false,0.8660254038,-0.5,244328,-0.3165949052,246866.666667,64.86,72.92,70.71,69.496667,true,true,true,true,true,true,true,true
2019-04-01,2019,4,South Coast,65.58,166975,8695,resort_region,source_resort_region,0,false,2019,false,0.8660254038,-0.5,244328,-0.3165949052,246866.666667,71.57,77.1,80.06,76.243333,true,true,true,true,true,true,true,true
2019-05-01,2019,5,Ancient Cities,14.94,37802,4462,resort_region,source_resort_region,0,false,2019,false,0.5,-0.8660254038,166975,-0.7736068274,221112,59.75,74.05,76.86,70.22,true,true,true,true,true,true,true,true
2019-05-01,2019,5,Colombo City,14.32,37802,5638,resort_region,source_resort_region,0,false,2019,false,0.5,-0.8660254038,166975,-0.7736068274,221112,74.73,76.91,83.11,78.25,true,true,true,true,true,true,true,true
2019-05-01,2019,5,East Coast,13.4,37802,1201,resort_region,source_resort_region,0,false,2019,false,0.5,-0.8660254038,166975,-0.7736068274,221112,64.23,73.89,76.24,71.453333,true,true,true,true,true,true,true,true
2019-05-01,2019,5,Greater Colombo,14.97,37802,3052,resort_region,source_resort_region,0,false,2019,false,0.5,-0.8660254038,166975,-0.7736068274,221112,69.49,76.15,78.76,74.8,true,true,true,true,true,true,true,true
2019-05-01,2019,5,Hill Country,14.69,37802,1548,resort_region,source_resort_region,0,false,2019,false,0.5,-0.8660254038,166975,-0.7736068274,221112,65.68,72.84,76.77,71.763333,true,true,true,true,true,true,true,true
2019-05-01,2019,5,Northern Region,12.52,37802,235,resort_region,source_resort_region,0,false,2019,false,0.5,-0.8660254038,166975,-0.7736068274,221112,49.23,64.86,72.92,62.336667,true,true,true,true,true,true,true,true
2019-05-01,2019,5,South Coast,17.26,37802,8695,resort_region,source_resort_region,0,false,2019,false,0.5,-0.8660254038,166975,-0.7736068274,221112,65.58,71.57,77.1,71.416667,true,true,true,true,true,true,true,true
2019-06-01,2019,6,Ancient Cities,23.09,63072,4462,resort_region,source_resort_region,0,false,2019,false,0.0,-1.0,37802,0.668483149,149701.666667,14.94,59.75,74.05,49.58,true,true,true,true,true,true,true,true
2019-06-01,2019,6,Colombo City,21.92,63072,5638,resort_region,source_resort_region,0,false,2019,false,0.0,-1.0,37802,0.668483149,149701.666667,14.32,74.73,76.91,55.32,true,true,true,true,true,true,true,true
2019-06-01,2019,6,East Coast,22.03,63072,1201,resort_region,source_resort_region,0,false,2019,false,0.0,-1.0,37802,0.668483149,149701.666667,13.4,64.23,73.89,50.506667,true,true,true,true,true,true,true,true
2019-06-01,2019,6,Greater Colombo,22.84,63072,3052,resort_region,source_resort_region,0,false,2019,false,0.0,-1.0,37802,0.668483149,149701.666667,14.97,69.49,76.15,53.536667,true,true,true,true,true,true,true,true
2019-06-01,2019,6,Hill Country,22.44,63072,1548,resort_region,source_resort_region,0,false,2019,false,0.0,-1.0,37802,0.668483149,149701.666667,14.69,65.68,72.84,51.07,true,true,true,true,true,true,true,true
2019-06-01,2019,6,Northern Region,19.35,63072,235,resort_region,source_resort_region,0,false,2019,false,0.0,-1.0,37802,0.668483149,149701.666667,12.52,49.23,64.86,42.203333,true,true,true,true,true,true,true,true
2019-06-01,2019,6,South Coast,24.68,63072,8695,resort_region,source_resort_region,0,false,2019,false,0.0,-1.0,37802,0.668483149,149701.666667,17.26,65.58,71.57,51.47,true,true,true,true,true,true,true,true
2019-07-01,2019,7,Ancient Cities,47.87,115701,4462,resort_region,source_resort_region,0,false,2019,false,-0.5,-0.8660254038,63072,0.8344273212,89283,23.09,14.94,59.75,32.593333,true,true,true,true,true,true,true,true
2019-07-01,2019,7,Colombo City,46.05,115701,5638,resort_region,source_resort_region,0,false,2019,false,-0.5,-0.8660254038,63072,0.8344273212,89283,21.92,14.32,74.73,36.99,true,true,true,true,true,true,true,true
2019-07-01,2019,7,East Coast,49.39,115701,1201,resort_region,source_resort_region,0,false,2019,false,-0.5,-0.8660254038,63072,0.8344273212,89283,22.03,13.4,64.23,33.22,true,true,true,true,true,true,true,true
2019-07-01,2019,7,Greater Colombo,43.37,115701,3052,resort_region,source_resort_region,0,false,2019,false,-0.5,-0.8660254038,63072,0.8344273212,89283,22.84,14.97,69.49,35.766667,true,true,true,true,true,true,true,true
2019-07-01,2019,7,Hill Country,46.85,115701,1548,resort_region,source_resort_region,0,false,2019,false,-0.5,-0.8660254038,63072,0.8344273212,89283,22.44,14.69,65.68,34.27,true,true,true,true,true,true,true,true
2019-07-01,2019,7,Northern Region,38.91,115701,235,resort_region,source_resort_region,0,false,2019,false,-0.5,-0.8660254038,63072,0.8344273212,89283,19.35,12.52,49.23,27.033333,true,true,true,true,true,true,true,true
2019-07-01,2019,7,South Coast,46.72,115701,8695,resort_region,source_resort_region,0,false,2019,false,-0.5,-0.8660254038,63072,0.8344273212,89283,24.68,17.26,65.58,35.84,true,true,true,true,true,true,true,true
2019-08-01,2019,8,Ancient Cities,55.67,143587,4462,resort_region,source_resort_region,0,false,2019,false,-0.8660254038,-0.5,115701,0.2410177959,72191.666667,47.87,23.09,14.94,28.633333,true,true,true,true,true,true,true,true
2019-08-01,2019,8,Colombo City,55.31,143587,5638,resort_region,source_resort_region,0,false,2019,false,-0.8660254038,-0.5,115701,0.2410177959,72191.666667,46.05,21.92,14.32,27.43,true,true,true,true,true,true,true,true
2019-08-01,2019,8,East Coast,59.64,143587,1201,resort_region,source_resort_region,0,false,2019,false,-0.8660254038,-0.5,115701,0.2410177959,72191.666667,49.39,22.03,13.4,28.273333,true,true,true,true,true,true,true,true
2019-08-01,2019,8,Greater Colombo,55.66,143587,3052,resort_region,source_resort_region,0,false,2019,false,-0.8660254038,-0.5,115701,0.2410177959,72191.666667,43.37,22.84,14.97,27.06,true,true,true,true,true,true,true,true
2019-08-01,2019,8,Hill Country,57.86,143587,1548,resort_region,source_resort_region,0,false,2019,false,-0.8660254038,-0.5,115701,0.2410177959,72191.666667,46.85,22.44,14.69,27.993333,true,true,true,true,true,true,true,true
2019-08-01,2019,8,Northern Region,44.88,143587,235,resort_region,source_resort_region,0,false,2019,false,-0.8660254038,-0.5,115701,0.2410177959,72191.666667,38.91,19.35,12.52,23.593333,true,true,true,true,true,true,true,true
2019-08-01,2019,8,South Coast,59.46,143587,8695,resort_region,source_resort_region,0,false,2019,false,-0.8660254038,-0.5,115701,0.2410177959,72191.666667,46.72,24.68,17.26,29.553333,true,true,true,true,true,true,true,true
2019-09-01,2019,9,Ancient Cities,52.9,108575,4462,resort_region,source_resort_region,0,false,2019,false,-1.0,-0.0,143587,-0.2438382305,107453.333333,55.67,47.87,23.09,42.21,true,true,true,true,true,true,true,true
2019-09-01,2019,9,Colombo City,48.77,108575,5638,resort_region,source_resort_region,0,false,2019,false,-1.0,-0.0,143587,-0.2438382305,107453.333333,55.31,46.05,21.92,41.093333,true,true,true,true,true,true,true,true
2019-09-01,2019,9,East Coast,48.91,108575,1201,resort_region,source_resort_region,0,false,2019,false,-1.0,-0.0,143587,-0.2438382305,107453.333333,59.64,49.39,22.03,43.686667,true,true,true,true,true,true,true,true
2019-09-01,2019,9,Greater Colombo,50.47,108575,3052,resort_region,source_resort_region,0,false,2019,false,-1.0,-0.0,143587,-0.2438382305,107453.333333,55.66,43.37,22.84,40.623333,true,true,true,true,true,true,true,true
2019-09-01,2019,9,Hill Country,52.35,108575,1548,resort_region,source_resort_region,0,false,2019,false,-1.0,-0.0,143587,-0.2438382305,107453.333333,57.86,46.85,22.44,42.383333,true,true,true,true,true,true,true,true
2019-09-01,2019,9,Northern Region,39.63,108575,235,resort_region,source_resort_region,0,false,2019,false,-1.0,-0.0,143587,-0.2438382305,107453.333333,44.88,38.91,19.35,34.38,true,true,true,true,true,true,true,true
2019-09-01,2019,9,South Coast,55.22,108575,8695,resort_region,source_resort_region,0,false,2019,false,-1.0,-0.0,143587,-0.2438382305,107453.333333,59.46,46.72,24.68,43.62,true,true,true,true,true,true,true,true
2019-10-01,2019,10,Ancient Cities,52.19,118743,4462,resort_region,source_resort_region,0,false,2019,false,-0.8660254038,0.5,108575,0.093649551,122621,52.9,55.67,47.87,52.146667,true,true,true,true,true,true,true,true
2019-10-01,2019,10,Colombo City,53.45,118743,5638,resort_region,source_resort_region,0,false,2019,false,-0.8660254038,0.5,108575,0.093649551,122621,48.77,55.31,46.05,50.043333,true,true,true,true,true,true,true,true
2019-10-01,2019,10,East Coast,55.73,118743,1201,resort_region,source_resort_region,0,false,2019,false,-0.8660254038,0.5,108575,0.093649551,122621,48.91,59.64,49.39,52.646667,true,true,true,true,true,true,true,true
2019-10-01,2019,10,Greater Colombo,54.32,118743,3052,resort_region,source_resort_region,0,false,2019,false,-0.8660254038,0.5,108575,0.093649551,122621,50.47,55.66,43.37,49.833333,true,true,true,true,true,true,true,true
2019-10-01,2019,10,Hill Country,54.79,118743,1548,resort_region,source_resort_region,0,false,2019,false,-0.8660254038,0.5,108575,0.093649551,122621,52.35,57.86,46.85,52.353333,true,true,true,true,true,true,true,true
2019-10-01,2019,10,Northern Region,42.92,118743,235,resort_region,source_resort_region,0,false,2019,false,-0.8660254038,0.5,108575,0.093649551,122621,39.63,44.88,38.91,41.14,true,true,true,true,true,true,true,true
2019-10-01,2019,10,South Coast,59.55,118743,8695,resort_region,source_resort_region,0,false,2019,false,-0.8660254038,0.5,108575,0.093649551,122621,55.22,59.46,46.72,53.8,true,true,true,true,true,true,true,true
2019-11-01,2019,11,Ancient Cities,74.07,176984,4462,resort_region,source_resort_region,0,false,2019,false,-0.5,0.8660254038,118743,0.4904794388,123635,52.19,52.9,55.67,53.586667,true,true,true,true,true,true,true,true
2019-11-01,2019,11,Colombo City,72.71,176984,5638,resort_region,source_resort_region,0,false,2019,false,-0.5,0.8660254038,118743,0.4904794388,123635,53.45,48.77,55.31,52.51,true,true,true,true,true,true,true,true
2019-11-01,2019,11,East Coast,73.66,176984,1201,resort_region,source_resort_region,0,false,2019,false,-0.5,0.8660254038,118743,0.4904794388,123635,55.73,48.91,59.64,54.76,true,true,true,true,true,true,true,true
2019-11-01,2019,11,Greater Colombo,73.48,176984,3052,resort_region,source_resort_region,0,false,2019,false,-0.5,0.8660254038,118743,0.4904794388,123635,54.32,50.47,55.66,53.483333,true,true,true,true,true,true,true,true
2019-11-01,2019,11,Hill Country,71.39,176984,1548,resort_region,source_resort_region,0,false,2019,false,-0.5,0.8660254038,118743,0.4904794388,123635,54.79,52.35,57.86,55.0,true,true,true,true,true,true,true,true
2019-11-01,2019,11,Northern Region,62.44,176984,235,resort_region,source_resort_region,0,false,2019,false,-0.5,0.8660254038,118743,0.4904794388,123635,42.92,39.63,44.88,42.476667,true,true,true,true,true,true,true,true
2019-11-01,2019,11,South Coast,78.11,176984,8695,resort_region,source_resort_region,0,false,2019,false,-0.5,0.8660254038,118743,0.4904794388,123635,59.55,55.22,59.46,58.076667,true,true,true,true,true,true,true,true
2019-12-01,2019,12,Ancient Cities,75.41,241663,4462,resort_region,source_resort_region,0,false,2019,false,-0.0,1.0,176984,0.3654511142,134767.333333,74.07,52.19,52.9,59.72,true,true,true,true,true,true,true,true
2019-12-01,2019,12,Colombo City,73.21,241663,5638,resort_region,source_resort_region,0,false,2019,false,-0.0,1.0,176984,0.3654511142,134767.333333,72.71,53.45,48.77,58.31,true,true,true,true,true,true,true,true
2019-12-01,2019,12,East Coast,71.68,241663,1201,resort_region,source_resort_region,0,false,2019,false,-0.0,1.0,176984,0.3654511142,134767.333333,73.66,55.73,48.91,59.433333,true,true,true,true,true,true,true,true
2019-12-01,2019,12,Greater Colombo,74.49,241663,3052,resort_region,source_resort_region,0,false,2019,false,-0.0,1.0,176984,0.3654511142,134767.333333,73.48,54.32,50.47,59.423333,true,true,true,true,true,true,true,true
2019-12-01,2019,12,Hill Country,75.31,241663,1548,resort_region,source_resort_region,0,false,2019,false,-0.0,1.0,176984,0.3654511142,134767.333333,71.39,54.79,52.35,59.51,true,true,true,true,true,true,true,true
2019-12-01,2019,12,Northern Region,64.86,241663,235,resort_region,source_resort_region,0,false,2019,false,-0.0,1.0,176984,0.3654511142,134767.333333,62.44,42.92,39.63,48.33,true,true,true,true,true,true,true,true
2019-12-01,2019,12,South Coast,80.88,241663,8695,resort_region,source_resort_region,0,false,2019,false,-0.0,1.0,176984,0.3654511142,134767.333333,78.11,59.55,55.22,64.293333,true,true,true,true,true,true,true,true
2020-01-01,2020,1,Ancient Cities,67.932568,228434,4701,district,room_weighted_district_occupancy,4,true,2020,false,0.5,0.8660254038,241663,-0.0547415202,179130,75.41,74.07,52.19,67.223333,true,true,true,true,true,true,true,true
2020-01-01,2020,1,East Coast,61.108609,228434,1208,district,room_weighted_district_occupancy,3,true,2020,false,0.5,0.8660254038,241663,-0.0547415202,179130,71.68,73.66,55.73,67.023333,true,true,true,true,true,true,true,true
2020-01-01,2020,1,Greater Colombo,59.424544,228434,4498,district,room_weighted_district_occupancy,2,true,2020,false,0.5,0.8660254038,241663,-0.0547415202,179130,74.49,73.48,54.32,67.43,true,true,true,true,true,true,true,true
2020-01-01,2020,1,Hill Country,62.350392,228434,1403,district,room_weighted_district_occupancy,2,true,2020,false,0.5,0.8660254038,241663,-0.0547415202,179130,75.31,71.39,54.79,67.163333,true,true,true,true,true,true,true,true
2020-01-01,2020,1,Northern Region,47.765462,228434,249,district,room_weighted_district_occupancy,3,true,2020,false,0.5,0.8660254038,241663,-0.0547415202,179130,64.86,62.44,42.92,56.74,true,true,true,true,true,true,true,true
2020-01-01,2020,1,South Coast,79.426965,228434,5726,district,room_weighted_district_occupancy,3,true,2020,false,0.5,0.8660254038,241663,-0.0547415202,179130,80.88,78.11,59.55,72.846667,true,true,true,true,true,true,true,true
2020-02-01,2020,2,Ancient Cities,51.93512,207507,4701,district,room_weighted_district_occupancy,4,true,2020,false,0.8660254038,0.5,228434,-0.0916107059,215693.666667,67.932568,75.41,74.07,72.470856,true,true,true,true,true,true,true,true
2020-02-01,2020,2,East Coast,44.140894,207507,1208,district,room_weighted_district_occupancy,3,true,2020,false,0.8660254038,0.5,228434,-0.0916107059,215693.666667,61.108609,71.68,73.66,68.816203,true,true,true,true,true,true,true,true
2020-02-01,2020,2,Greater Colombo,44.938817,207507,4498,district,room_weighted_district_occupancy,2,true,2020,false,0.8660254038,0.5,228434,-0.0916107059,215693.666667,59.424544,74.49,73.48,69.131515,true,true,true,true,true,true,true,true
2020-02-01,2020,2,Hill Country,45.881183,207507,1403,district,room_weighted_district_occupancy,2,true,2020,false,0.8660254038,0.5,228434,-0.0916107059,215693.666667,62.350392,75.31,71.39,69.683464,true,true,true,true,true,true,true,true
2020-02-01,2020,2,Northern Region,36.171888,207507,249,district,room_weighted_district_occupancy,3,true,2020,false,0.8660254038,0.5,228434,-0.0916107059,215693.666667,47.765462,64.86,62.44,58.355154,true,true,true,true,true,true,true,true
2020-02-01,2020,2,South Coast,60.156409,207507,5726,district,room_weighted_district_occupancy,3,true,2020,false,0.8660254038,0.5,228434,-0.0916107059,215693.666667,79.426965,80.88,78.11,79.472322,true,true,true,true,true,true,true,true
2020-03-01,2020,3,Ancient Cities,28.139885,71370,4701,district,room_weighted_district_occupancy,4,true,2020,false,1.0,0.0,207507,-0.6560597956,225868,51.93512,67.932568,75.41,65.092563,true,true,true,true,true,true,true,true
2020-03-01,2020,3,East Coast,23.616722,71370,1208,district,room_weighted_district_occupancy,3,true,2020,false,1.0,0.0,207507,-0.6560597956,225868,44.140894,61.108609,71.68,58.976501,true,true,true,true,true,true,true,true
2020-03-01,2020,3,Greater Colombo,23.989818,71370,4498,district,room_weighted_district_occupancy,2,true,2020,false,1.0,0.0,207507,-0.6560597956,225868,44.938817,59.424544,74.49,59.617787,true,true,true,true,true,true,true,true
2020-03-01,2020,3,Hill Country,23.950392,71370,1403,district,room_weighted_district_occupancy,2,true,2020,false,1.0,0.0,207507,-0.6560597956,225868,45.881183,62.350392,75.31,61.180525,true,true,true,true,true,true,true,true
2020-03-01,2020,3,Northern Region,19.317269,71370,249,district,room_weighted_district_occupancy,3,true,2020,false,1.0,0.0,207507,-0.6560597956,225868,36.171888,47.765462,64.86,49.599117,true,true,true,true,true,true,true,true
2020-03-01,2020,3,South Coast,32.126179,71370,5726,district,room_weighted_district_occupancy,3,true,2020,false,1.0,0.0,207507,-0.6560597956,225868,60.156409,79.426965,80.88,73.487791,true,true,true,true,true,true,true,true
2020-04-01,2020,4,Ancient Cities,2.615848,0,4701,district,room_weighted_district_occupancy,4,true,2020,false,0.8660254038,-0.5,71370,-1.0,169103.666667,28.139885,51.93512,67.932568,49.335858,true,true,true,true,true,true,true,true
2020-04-01,2020,4,East Coast,2.222517,0,1208,district,room_weighted_district_occupancy,3,true,2020,false,0.8660254038,-0.5,71370,-1.0,169103.666667,23.616722,44.140894,61.108609,42.955408,true,true,true,true,true,true,true,true
2020-04-01,2020,4,Greater Colombo,2.240818,0,4498,district,room_weighted_district_occupancy,2,true,2020,false,0.8660254038,-0.5,71370,-1.0,169103.666667,23.989818,44.938817,59.424544,42.784393,true,true,true,true,true,true,true,true
2020-04-01,2020,4,Hill Country,2.24077,0,1403,district,room_weighted_district_occupancy,2,true,2020,false,0.8660254038,-0.5,71370,-1.0,169103.666667,23.950392,45.881183,62.350392,44.060656,true,true,true,true,true,true,true,true
2020-04-01,2020,4,Northern Region,1.759036,0,249,district,room_weighted_district_occupancy,3,true,2020,false,0.8660254038,-0.5,71370,-1.0,169103.666667,19.317269,36.171888,47.765462,34.418206,true,true,true,true,true,true,true,true
2020-04-01,2020,4,South Coast,3.055798,0,5726,district,room_weighted_district_occupancy,3,true,2020,false,0.8660254038,-0.5,71370,-1.0,169103.666667,32.126179,60.156409,79.426965,57.236518,true,true,true,true,true,true,true,true
2020-05-01,2020,5,Ancient Cities,2.808679,0,4701,district,room_weighted_district_occupancy,4,true,2020,false,0.5,-0.8660254038,0,,92959,2.615848,28.139885,51.93512,27.563618,true,true,true,true,true,true,false,true
2020-05-01,2020,5,East Coast,2.410099,0,1208,district,room_weighted_district_occupancy,3,true,2020,false,0.5,-0.8660254038,0,,92959,2.222517,23.616722,44.140894,23.326711,true,true,true,true,true,true,false,true
2020-05-01,2020,5,Greater Colombo,2.440818,0,4498,district,room_weighted_district_occupancy,2,true,2020,false,0.5,-0.8660254038,0,,92959,2.240818,23.989818,44.938817,23.723151,true,true,true,true,true,true,false,true
2020-05-01,2020,5,Hill Country,2.461155,0,1403,district,room_weighted_district_occupancy,2,true,2020,false,0.5,-0.8660254038,0,,92959,2.24077,23.950392,45.881183,24.024115,true,true,true,true,true,true,false,true
2020-05-01,2020,5,Northern Region,1.930924,0,249,district,room_weighted_district_occupancy,3,true,2020,false,0.5,-0.8660254038,0,,92959,1.759036,19.317269,36.171888,19.082731,true,true,true,true,true,true,false,true
2020-05-01,2020,5,South Coast,3.280929,0,5726,district,room_weighted_district_occupancy,3,true,2020,false,0.5,-0.8660254038,0,,92959,3.055798,32.126179,60.156409,31.779462,true,true,true,true,true,true,false,true
2020-06-01,2020,6,Ancient Cities,8.484216,0,4701,district,room_weighted_district_occupancy,4,true,2020,false,0.0,-1.0,0,,23790,2.808679,2.615848,28.139885,11.188137,true,true,true,true,true,true,false,true
2020-06-01,2020,6,East Coast,7.296358,0,1208,district,room_weighted_district_occupancy,3,true,2020,false,0.0,-1.0,0,,23790,2.410099,2.222517,23.616722,9.416446,true,true,true,true,true,true,false,true
2020-06-01,2020,6,Greater Colombo,7.463273,0,4498,district,room_weighted_district_occupancy,2,true,2020,false,0.0,-1.0,0,,23790,2.440818,2.240818,23.989818,9.557151,true,true,true,true,true,true,false,true
2020-06-01,2020,6,Hill Country,7.383464,0,1403,district,room_weighted_district_occupancy,2,true,2020,false,0.0,-1.0,0,,23790,2.461155,2.24077,23.950392,9.550772,true,true,true,true,true,true,false,true
2020-06-01,2020,6,Northern Region,5.972691,0,249,district,room_weighted_district_occupancy,3,true,2020,false,0.0,-1.0,0,,23790,1.930924,1.759036,19.317269,7.669076,true,true,true,true,true,true,false,true
2020-06-01,2020,6,South Coast,9.942787,0,5726,district,room_weighted_district_occupancy,3,true,2020,false,0.0,-1.0,0,,23790,3.280929,3.055798,32.126179,12.820969,true,true,true,true,true,true,false,true
2020-07-01,2020,7,Ancient Cities,11.776005,0,4701,district,room_weighted_district_occupancy,4,true,2020,false,-0.5,-0.8660254038,0,,0,8.484216,2.808679,2.615848,4.636248,true,true,true,true,true,true,false,true
2020-07-01,2020,7,East Coast,10.135265,0,1208,district,room_weighted_district_occupancy,3,true,2020,false,-0.5,-0.8660254038,0,,0,7.296358,2.410099,2.222517,3.976325,true,true,true,true,true,true,false,true
2020-07-01,2020,7,Greater Colombo,10.304091,0,4498,district,room_weighted_district_occupancy,2,true,2020,false,-0.5,-0.8660254038,0,,0,7.463273,2.440818,2.240818,4.048303,true,true,true,true,true,true,false,true
2020-07-01,2020,7,Hill Country,10.244619,0,1403,district,room_weighted_district_occupancy,2,true,2020,false,-0.5,-0.8660254038,0,,0,7.383464,2.461155,2.24077,4.028463,true,true,true,true,true,true,false,true
2020-07-01,2020,7,Northern Region,8.255422,0,249,district,room_weighted_district_occupancy,3,true,2020,false,-0.5,-0.8660254038,0,,0,5.972691,1.930924,1.759036,3.220884,true,true,true,true,true,true,false,true
2020-07-01,2020,7,South Coast,13.781069,0,5726,district,room_weighted_district_occupancy,3,true,2020,false,-0.5,-0.8660254038,0,,0,9.942787,3.280929,3.055798,5.426505,true,true,true,true,true,true,false,true
2020-08-01,2020,8,Ancient Cities,10.218103,0,4701,district,room_weighted_district_occupancy,4,true,2020,false,-0.8660254038,-0.5,0,,0,11.776005,8.484216,2.808679,7.689633,true,true,true,true,true,true,false,true
2020-08-01,2020,8,East Coast,8.748841,0,1208,district,room_weighted_district_occupancy,3,true,2020,false,-0.8660254038,-0.5,0,,0,10.135265,7.296358,2.410099,6.613907,true,true,true,true,true,true,false,true
2020-08-01,2020,8,Greater Colombo,8.904091,0,4498,district,room_weighted_district_occupancy,2,true,2020,false,-0.8660254038,-0.5,0,,0,10.304091,7.463273,2.440818,6.736061,true,true,true,true,true,true,false,true
2020-08-01,2020,8,Hill Country,8.903849,0,1403,district,room_weighted_district_occupancy,2,true,2020,false,-0.8660254038,-0.5,0,,0,10.244619,7.383464,2.461155,6.696413,true,true,true,true,true,true,false,true
2020-08-01,2020,8,Northern Region,7.2,0,249,district,room_weighted_district_occupancy,3,true,2020,false,-0.8660254038,-0.5,0,,0,8.255422,5.972691,1.930924,5.386346,true,true,true,true,true,true,false,true
2020-08-01,2020,8,South Coast,11.951345,0,5726,district,room_weighted_district_occupancy,3,true,2020,false,-0.8660254038,-0.5,0,,0,13.781069,9.942787,3.280929,9.001595,true,true,true,true,true,true,false,true
2020-09-01,2020,9,Ancient Cities,9.234078,0,4701,district,room_weighted_district_occupancy,4,true,2020,false,-1.0,-0.0,0,,0,10.218103,11.776005,8.484216,10.159441,true,true,true,true,true,true,false,true
2020-09-01,2020,9,East Coast,7.912748,0,1208,district,room_weighted_district_occupancy,3,true,2020,false,-1.0,-0.0,0,,0,8.748841,10.135265,7.296358,8.726821,true,true,true,true,true,true,false,true
2020-09-01,2020,9,Greater Colombo,8.063273,0,4498,district,room_weighted_district_occupancy,2,true,2020,false,-1.0,-0.0,0,,0,8.904091,10.304091,7.463273,8.890485,true,true,true,true,true,true,false,true
2020-09-01,2020,9,Hill Country,8.083464,0,1403,district,room_weighted_district_occupancy,2,true,2020,false,-1.0,-0.0,0,,0,8.903849,10.244619,7.383464,8.843977,true,true,true,true,true,true,false,true
2020-09-01,2020,9,Northern Region,6.496386,0,249,district,room_weighted_district_occupancy,3,true,2020,false,-1.0,-0.0,0,,0,7.2,8.255422,5.972691,7.142704,true,true,true,true,true,true,false,true
2020-09-01,2020,9,South Coast,10.778973,0,5726,district,room_weighted_district_occupancy,3,true,2020,false,-1.0,-0.0,0,,0,11.951345,13.781069,9.942787,11.891734,true,true,true,true,true,true,false,true
2020-10-01,2020,10,Ancient Cities,9.468241,0,4701,district,room_weighted_district_occupancy,4,true,2020,false,-0.8660254038,0.5,0,,0,9.234078,10.218103,11.776005,10.409395,true,true,true,true,true,true,false,true
2020-10-01,2020,10,East Coast,8.153974,0,1208,district,room_weighted_district_occupancy,3,true,2020,false,-0.8660254038,0.5,0,,0,7.912748,8.748841,10.135265,8.932285,true,true,true,true,true,true,false,true
2020-10-01,2020,10,Greater Colombo,8.263273,0,4498,district,room_weighted_district_occupancy,2,true,2020,false,-0.8660254038,0.5,0,,0,8.063273,8.904091,10.304091,9.090485,true,true,true,true,true,true,false,true
2020-10-01,2020,10,Hill Country,8.283464,0,1403,district,room_weighted_district_occupancy,2,true,2020,false,-0.8660254038,0.5,0,,0,8.083464,8.903849,10.244619,9.077311,true,true,true,true,true,true,false,true
2020-10-01,2020,10,Northern Region,6.668273,0,249,district,room_weighted_district_occupancy,3,true,2020,false,-0.8660254038,0.5,0,,0,6.496386,7.2,8.255422,7.317269,true,true,true,true,true,true,false,true
2020-10-01,2020,10,South Coast,11.047066,0,5726,district,room_weighted_district_occupancy,3,true,2020,false,-0.8660254038,0.5,0,,0,10.778973,11.951345,13.781069,12.170462,true,true,true,true,true,true,false,true
2020-11-01,2020,11,Ancient Cities,5.350606,0,4701,district,room_weighted_district_occupancy,4,true,2020,false,-0.5,0.8660254038,0,,0,9.468241,9.234078,10.218103,9.640141,true,true,true,true,true,true,false,true
2020-11-01,2020,11,East Coast,4.578974,0,1208,district,room_weighted_district_occupancy,3,true,2020,false,-0.5,0.8660254038,0,,0,8.153974,7.912748,8.748841,8.271854,true,true,true,true,true,true,false,true
2020-11-01,2020,11,Greater Colombo,4.681636,0,4498,district,room_weighted_district_occupancy,2,true,2020,false,-0.5,0.8660254038,0,,0,8.263273,8.063273,8.904091,8.410212,true,true,true,true,true,true,false,true
2020-11-01,2020,11,Hill Country,4.622309,0,1403,district,room_weighted_district_occupancy,2,true,2020,false,-0.5,0.8660254038,0,,0,8.283464,8.083464,8.903849,8.423592,true,true,true,true,true,true,false,true
2020-11-01,2020,11,Northern Region,3.771888,0,249,district,room_weighted_district_occupancy,3,true,2020,false,-0.5,0.8660254038,0,,0,6.668273,6.496386,7.2,6.78822,true,true,true,true,true,true,false,true
2020-11-01,2020,11,South Coast,6.293765,0,5726,district,room_weighted_district_occupancy,3,true,2020,false,-0.5,0.8660254038,0,,0,11.047066,10.778973,11.951345,11.259128,true,true,true,true,true,true,false,true
2020-12-01,2020,12,Ancient Cities,10.46705,0,4701,district,room_weighted_district_occupancy,4,true,2020,false,-0.0,1.0,0,,0,5.350606,9.468241,9.234078,8.017642,true,true,true,true,true,true,false,true
2020-12-01,2020,12,East Coast,8.936424,0,1208,district,room_weighted_district_occupancy,3,true,2020,false,-0.0,1.0,0,,0,4.578974,8.153974,7.912748,6.881899,true,true,true,true,true,true,false,true
2020-12-01,2020,12,Greater Colombo,9.104091,0,4498,district,room_weighted_district_occupancy,2,true,2020,false,-0.0,1.0,0,,0,4.681636,8.263273,8.063273,7.002727,true,true,true,true,true,true,false,true
2020-12-01,2020,12,Hill Country,9.103849,0,1403,district,room_weighted_district_occupancy,2,true,2020,false,-0.0,1.0,0,,0,4.622309,8.283464,8.083464,6.996412,true,true,true,true,true,true,false,true
2020-12-01,2020,12,Northern Region,7.371888,0,249,district,room_weighted_district_occupancy,3,true,2020,false,-0.0,1.0,0,,0,3.771888,6.668273,6.496386,5.645516,true,true,true,true,true,true,false,true
2020-12-01,2020,12,South Coast,12.240604,0,5726,district,room_weighted_district_occupancy,3,true,2020,false,-0.0,1.0,0,,0,6.293765,11.047066,10.778973,9.373268,true,true,true,true,true,true,false,true
2024-01-01,2024,1,Ancient Cities,47.914776,208253,8866,district,room_weighted_district_occupancy,4,false,2024,false,0.5,0.8660254038,210352,-0.0099785122,157015.666667,,,,,true,false,false,false,false,true,true,true
2024-01-01,2024,1,East Coast,38.689008,208253,2620,district,room_weighted_district_occupancy,3,false,2024,false,0.5,0.8660254038,210352,-0.0099785122,157015.666667,,,,,true,false,false,false,false,true,true,true
2024-01-01,2024,1,Greater Colombo,73.048909,208253,8659,district,room_weighted_district_occupancy,2,false,2024,false,0.5,0.8660254038,210352,-0.0099785122,157015.666667,,,,,true,false,false,false,false,true,true,true
2024-01-01,2024,1,Hill Country,51.83776,208253,4608,district,room_weighted_district_occupancy,2,false,2024,false,0.5,0.8660254038,210352,-0.0099785122,157015.666667,,,,,true,false,false,false,false,true,true,true
2024-01-01,2024,1,Northern Region,60.793625,208253,847,district,room_weighted_district_occupancy,2,false,2024,false,0.5,0.8660254038,210352,-0.0099785122,157015.666667,,,,,true,false,false,false,false,true,true,true
2024-01-01,2024,1,South Coast,66.80655,208253,14122,district,room_weighted_district_occupancy,3,false,2024,false,0.5,0.8660254038,210352,-0.0099785122,157015.666667,,,,,true,false,false,false,false,true,true,true
2024-02-01,2024,2,Ancient Cities,48.070629,218350,8866,district,room_weighted_district_occupancy,4,false,2024,false,0.8660254038,0.5,208253,0.0484842955,190033.666667,47.914776,,,,true,true,false,false,false,true,true,true
2024-02-01,2024,2,East Coast,40.873053,218350,2620,district,room_weighted_district_occupancy,3,false,2024,false,0.8660254038,0.5,208253,0.0484842955,190033.666667,38.689008,,,,true,true,false,false,false,true,true,true
2024-02-01,2024,2,Greater Colombo,70.546807,218350,8659,district,room_weighted_district_occupancy,2,false,2024,false,0.8660254038,0.5,208253,0.0484842955,190033.666667,73.048909,,,,true,true,false,false,false,true,true,true
2024-02-01,2024,2,Hill Country,55.252669,218350,4608,district,room_weighted_district_occupancy,2,false,2024,false,0.8660254038,0.5,208253,0.0484842955,190033.666667,51.83776,,,,true,true,false,false,false,true,true,true
2024-02-01,2024,2,Northern Region,58.754073,218350,847,district,room_weighted_district_occupancy,2,false,2024,false,0.8660254038,0.5,208253,0.0484842955,190033.666667,60.793625,,,,true,true,false,false,false,true,true,true
2024-02-01,2024,2,South Coast,65.646282,218350,14122,district,room_weighted_district_occupancy,3,false,2024,false,0.8660254038,0.5,208253,0.0484842955,190033.666667,66.80655,,,,true,true,false,false,false,true,true,true
2024-03-01,2024,3,Ancient Cities,50.051838,209181,8866,district,room_weighted_district_occupancy,4,false,2024,false,1.0,0.0,218350,-0.0419922143,212318.333333,48.070629,47.914776,,,true,true,true,false,false,true,true,true
2024-03-01,2024,3,East Coast,42.649389,209181,2620,district,room_weighted_district_occupancy,3,false,2024,false,1.0,0.0,218350,-0.0419922143,212318.333333,40.873053,38.689008,,,true,true,true,false,false,true,true,true
2024-03-01,2024,3,Greater Colombo,69.919078,209181,8659,district,room_weighted_district_occupancy,2,false,2024,false,1.0,0.0,218350,-0.0419922143,212318.333333,70.546807,73.048909,,,true,true,true,false,false,true,true,true
2024-03-01,2024,3,Hill Country,55.648698,209181,4608,district,room_weighted_district_occupancy,2,false,2024,false,1.0,0.0,218350,-0.0419922143,212318.333333,55.252669,51.83776,,,true,true,true,false,false,true,true,true
2024-03-01,2024,3,Northern Region,53.788312,209181,847,district,room_weighted_district_occupancy,2,false,2024,false,1.0,0.0,218350,-0.0419922143,212318.333333,58.754073,60.793625,,,true,true,true,false,false,true,true,true
2024-03-01,2024,3,South Coast,63.880343,209181,14122,district,room_weighted_district_occupancy,3,false,2024,false,1.0,0.0,218350,-0.0419922143,212318.333333,65.646282,66.80655,,,true,true,true,false,false,true,true,true
2024-04-01,2024,4,Ancient Cities,39.15035,148867,8866,district,room_weighted_district_occupancy,4,false,2024,false,0.8660254038,-0.5,209181,-0.2883340265,211928,50.051838,48.070629,47.914776,48.679081,true,true,true,true,true,true,true,true
2024-04-01,2024,4,East Coast,44.864389,148867,2620,district,room_weighted_district_occupancy,3,false,2024,false,0.8660254038,-0.5,209181,-0.2883340265,211928,42.649389,40.873053,38.689008,40.73715,true,true,true,true,true,true,true,true
2024-04-01,2024,4,Greater Colombo,54.197898,148867,8659,district,room_weighted_district_occupancy,2,false,2024,false,0.8660254038,-0.5,209181,-0.2883340265,211928,69.919078,70.546807,73.048909,71.171598,true,true,true,true,true,true,true,true
2024-04-01,2024,4,Hill Country,56.093164,148867,4608,district,room_weighted_district_occupancy,2,false,2024,false,0.8660254038,-0.5,209181,-0.2883340265,211928,55.648698,55.252669,51.83776,54.246376,true,true,true,true,true,true,true,true
2024-04-01,2024,4,Northern Region,46.559032,148867,847,district,room_weighted_district_occupancy,2,false,2024,false,0.8660254038,-0.5,209181,-0.2883340265,211928,53.788312,58.754073,60.793625,57.77867,true,true,true,true,true,true,true,true
2024-04-01,2024,4,South Coast,49.915557,148867,14122,district,room_weighted_district_occupancy,3,false,2024,false,0.8660254038,-0.5,209181,-0.2883340265,211928,63.880343,65.646282,66.80655,65.444392,true,true,true,true,true,true,true,true
2024-05-01,2024,5,Ancient Cities,26.292917,112128,8866,district,room_weighted_district_occupancy,4,false,2024,false,0.5,-0.8660254038,148867,-0.2467907595,192132.666667,39.15035,50.051838,48.070629,45.757606,true,true,true,true,true,true,true,true
2024-05-01,2024,5,East Coast,42.940534,112128,2620,district,room_weighted_district_occupancy,3,false,2024,false,0.5,-0.8660254038,148867,-0.2467907595,192132.666667,44.864389,42.649389,40.873053,42.79561,true,true,true,true,true,true,true,true
2024-05-01,2024,5,Greater Colombo,40.081002,112128,8659,district,room_weighted_district_occupancy,2,false,2024,false,0.5,-0.8660254038,148867,-0.2467907595,192132.666667,54.197898,69.919078,70.546807,64.887928,true,true,true,true,true,true,true,true
2024-05-01,2024,5,Hill Country,34.430924,112128,4608,district,room_weighted_district_occupancy,2,false,2024,false,0.5,-0.8660254038,148867,-0.2467907595,192132.666667,56.093164,55.648698,55.252669,55.664844,true,true,true,true,true,true,true,true
2024-05-01,2024,5,Northern Region,46.957261,112128,847,district,room_weighted_district_occupancy,2,false,2024,false,0.5,-0.8660254038,148867,-0.2467907595,192132.666667,46.559032,53.788312,58.754073,53.033806,true,true,true,true,true,true,true,true
2024-05-01,2024,5,South Coast,30.064184,112128,14122,district,room_weighted_district_occupancy,3,false,2024,false,0.5,-0.8660254038,148867,-0.2467907595,192132.666667,49.915557,63.880343,65.646282,59.814061,true,true,true,true,true,true,true,true
2024-06-01,2024,6,Ancient Cities,27.498308,113470,8866,district,room_weighted_district_occupancy,4,false,2024,false,0.0,-1.0,112128,0.0119684646,156725.333333,26.292917,39.15035,50.051838,38.498368,true,true,true,true,true,true,true,true
2024-06-01,2024,6,East Coast,49.603397,113470,2620,district,room_weighted_district_occupancy,3,false,2024,false,0.0,-1.0,112128,0.0119684646,156725.333333,42.940534,44.864389,42.649389,43.484771,true,true,true,true,true,true,true,true
2024-06-01,2024,6,Greater Colombo,34.623605,113470,8659,district,room_weighted_district_occupancy,2,false,2024,false,0.0,-1.0,112128,0.0119684646,156725.333333,40.081002,54.197898,69.919078,54.732659,true,true,true,true,true,true,true,true
2024-06-01,2024,6,Hill Country,30.745833,113470,4608,district,room_weighted_district_occupancy,2,false,2024,false,0.0,-1.0,112128,0.0119684646,156725.333333,34.430924,56.093164,55.648698,48.724262,true,true,true,true,true,true,true,true
2024-06-01,2024,6,Northern Region,45.220189,113470,847,district,room_weighted_district_occupancy,2,false,2024,false,0.0,-1.0,112128,0.0119684646,156725.333333,46.957261,46.559032,53.788312,49.101535,true,true,true,true,true,true,true,true
2024-06-01,2024,6,South Coast,24.35029,113470,14122,district,room_weighted_district_occupancy,3,false,2024,false,0.0,-1.0,112128,0.0119684646,156725.333333,30.064184,49.915557,63.880343,47.953361,true,true,true,true,true,true,true,true
2024-07-01,2024,7,Ancient Cities,42.926912,187810,8866,district,room_weighted_district_occupancy,4,false,2024,false,-0.5,-0.8660254038,113470,0.6551511413,124821.666667,27.498308,26.292917,39.15035,30.980525,true,true,true,true,true,true,true,true
2024-07-01,2024,7,East Coast,65.680573,187810,2620,district,room_weighted_district_occupancy,3,false,2024,false,-0.5,-0.8660254038,113470,0.6551511413,124821.666667,49.603397,42.940534,44.864389,45.802773,true,true,true,true,true,true,true,true
2024-07-01,2024,7,Greater Colombo,46.1173,187810,8659,district,room_weighted_district_occupancy,2,false,2024,false,-0.5,-0.8660254038,113470,0.6551511413,124821.666667,34.623605,40.081002,54.197898,42.967502,true,true,true,true,true,true,true,true
2024-07-01,2024,7,Hill Country,46.772917,187810,4608,district,room_weighted_district_occupancy,2,false,2024,false,-0.5,-0.8660254038,113470,0.6551511413,124821.666667,30.745833,34.430924,56.093164,40.423307,true,true,true,true,true,true,true,true
2024-07-01,2024,7,Northern Region,60.238961,187810,847,district,room_weighted_district_occupancy,2,false,2024,false,-0.5,-0.8660254038,113470,0.6551511413,124821.666667,45.220189,46.957261,46.559032,46.245494,true,true,true,true,true,true,true,true
2024-07-01,2024,7,South Coast,36.482304,187810,14122,district,room_weighted_district_occupancy,3,false,2024,false,-0.5,-0.8660254038,113470,0.6551511413,124821.666667,24.35029,30.064184,49.915557,34.776677,true,true,true,true,true,true,true,true
2024-08-01,2024,8,Ancient Cities,49.56014,164609,8866,district,room_weighted_district_occupancy,4,false,2024,false,-0.8660254038,-0.5,187810,-0.1235344231,137802.666667,42.926912,27.498308,26.292917,32.239379,true,true,true,true,true,true,true,true
2024-08-01,2024,8,East Coast,74.830153,164609,2620,district,room_weighted_district_occupancy,3,false,2024,false,-0.8660254038,-0.5,187810,-0.1235344231,137802.666667,65.680573,49.603397,42.940534,52.741501,true,true,true,true,true,true,true,true
2024-08-01,2024,8,Greater Colombo,53.104446,164609,8659,district,room_weighted_district_occupancy,2,false,2024,false,-0.8660254038,-0.5,187810,-0.1235344231,137802.666667,46.1173,34.623605,40.081002,40.273969,true,true,true,true,true,true,true,true
2024-08-01,2024,8,Hill Country,55.573047,164609,4608,district,room_weighted_district_occupancy,2,false,2024,false,-0.8660254038,-0.5,187810,-0.1235344231,137802.666667,46.772917,30.745833,34.430924,37.316558,true,true,true,true,true,true,true,true
2024-08-01,2024,8,Northern Region,66.459504,164609,847,district,room_weighted_district_occupancy,2,false,2024,false,-0.8660254038,-0.5,187810,-0.1235344231,137802.666667,60.238961,45.220189,46.957261,50.80547,true,true,true,true,true,true,true,true
2024-08-01,2024,8,South Coast,43.347054,164609,14122,district,room_weighted_district_occupancy,3,false,2024,false,-0.8660254038,-0.5,187810,-0.1235344231,137802.666667,36.482304,24.35029,30.064184,30.298926,true,true,true,true,true,true,true,true
2024-09-01,2024,9,Ancient Cities,34.716941,122140,8866,district,room_weighted_district_occupancy,4,false,2024,false,-1.0,-0.0,164609,-0.2579992588,155296.333333,49.56014,42.926912,27.498308,39.99512,true,true,true,true,true,true,true,true
2024-09-01,2024,9,East Coast,53.659733,122140,2620,district,room_weighted_district_occupancy,3,false,2024,false,-1.0,-0.0,164609,-0.2579992588,155296.333333,74.830153,65.680573,49.603397,63.371374,true,true,true,true,true,true,true,true
2024-09-01,2024,9,Greater Colombo,42.997979,122140,8659,district,room_weighted_district_occupancy,2,false,2024,false,-1.0,-0.0,164609,-0.2579992588,155296.333333,53.104446,46.1173,34.623605,44.615117,true,true,true,true,true,true,true,true
2024-09-01,2024,9,Hill Country,40.477148,122140,4608,district,room_weighted_district_occupancy,2,false,2024,false,-1.0,-0.0,164609,-0.2579992588,155296.333333,55.573047,46.772917,30.745833,44.363932,true,true,true,true,true,true,true,true
2024-09-01,2024,9,Northern Region,44.799882,122140,847,district,room_weighted_district_occupancy,2,false,2024,false,-1.0,-0.0,164609,-0.2579992588,155296.333333,66.459504,60.238961,45.220189,57.306218,true,true,true,true,true,true,true,true
2024-09-01,2024,9,South Coast,33.864892,122140,14122,district,room_weighted_district_occupancy,3,false,2024,false,-1.0,-0.0,164609,-0.2579992588,155296.333333,43.347054,36.482304,24.35029,34.726549,true,true,true,true,true,true,true,true
2024-10-01,2024,10,Ancient Cities,35.61173,135907,8866,district,room_weighted_district_occupancy,4,false,2024,false,-0.8660254038,0.5,122140,0.1127149173,158186.333333,34.716941,49.56014,42.926912,42.401331,true,true,true,true,true,true,true,true
2024-10-01,2024,10,East Coast,30.354466,135907,2620,district,room_weighted_district_occupancy,3,false,2024,false,-0.8660254038,0.5,122140,0.1127149173,158186.333333,53.659733,74.830153,65.680573,64.723486,true,true,true,true,true,true,true,true
2024-10-01,2024,10,Greater Colombo,41.240501,135907,8659,district,room_weighted_district_occupancy,2,false,2024,false,-0.8660254038,0.5,122140,0.1127149173,158186.333333,42.997979,53.104446,46.1173,47.406575,true,true,true,true,true,true,true,true
2024-10-01,2024,10,Hill Country,36.231055,135907,4608,district,room_weighted_district_occupancy,2,false,2024,false,-0.8660254038,0.5,122140,0.1127149173,158186.333333,40.477148,55.573047,46.772917,47.607704,true,true,true,true,true,true,true,true
2024-10-01,2024,10,Northern Region,37.760803,135907,847,district,room_weighted_district_occupancy,2,false,2024,false,-0.8660254038,0.5,122140,0.1127149173,158186.333333,44.799882,66.459504,60.238961,57.166116,true,true,true,true,true,true,true,true
2024-10-01,2024,10,South Coast,40.673092,135907,14122,district,room_weighted_district_occupancy,3,false,2024,false,-0.8660254038,0.5,122140,0.1127149173,158186.333333,33.864892,43.347054,36.482304,37.898083,true,true,true,true,true,true,true,true
2024-11-01,2024,11,Ancient Cities,39.557952,184158,8866,district,room_weighted_district_occupancy,4,false,2024,false,-0.5,0.8660254038,135907,0.3550295423,140885.333333,35.61173,34.716941,49.56014,39.962937,true,true,true,true,true,true,true,true
2024-11-01,2024,11,East Coast,21.552672,184158,2620,district,room_weighted_district_occupancy,3,false,2024,false,-0.5,0.8660254038,135907,0.3550295423,140885.333333,30.354466,53.659733,74.830153,52.948117,true,true,true,true,true,true,true,true
2024-11-01,2024,11,Greater Colombo,46.193452,184158,8659,district,room_weighted_district_occupancy,2,false,2024,false,-0.5,0.8660254038,135907,0.3550295423,140885.333333,41.240501,42.997979,53.104446,45.780975,true,true,true,true,true,true,true,true
2024-11-01,2024,11,Hill Country,47.931055,184158,4608,district,room_weighted_district_occupancy,2,false,2024,false,-0.5,0.8660254038,135907,0.3550295423,140885.333333,36.231055,40.477148,55.573047,44.09375,true,true,true,true,true,true,true,true
2024-11-01,2024,11,Northern Region,34.252302,184158,847,district,room_weighted_district_occupancy,2,false,2024,false,-0.5,0.8660254038,135907,0.3550295423,140885.333333,37.760803,44.799882,66.459504,49.673396,true,true,true,true,true,true,true,true
2024-11-01,2024,11,South Coast,46.003038,184158,14122,district,room_weighted_district_occupancy,3,false,2024,false,-0.5,0.8660254038,135907,0.3550295423,140885.333333,40.673092,33.864892,43.347054,39.295013,true,true,true,true,true,true,true,true
2024-12-01,2024,12,Ancient Cities,40.174126,248592,8866,district,room_weighted_district_occupancy,4,false,2024,false,-0.0,1.0,184158,0.3498843384,147401.666667,39.557952,35.61173,34.716941,36.628874,true,true,true,true,true,true,true,true
2024-12-01,2024,12,East Coast,30.609389,248592,2620,district,room_weighted_district_occupancy,3,false,2024,false,-0.0,1.0,184158,0.3498843384,147401.666667,21.552672,30.354466,53.659733,35.188957,true,true,true,true,true,true,true,true
2024-12-01,2024,12,Greater Colombo,46.908165,248592,8659,district,room_weighted_district_occupancy,2,false,2024,false,-0.0,1.0,184158,0.3498843384,147401.666667,46.193452,41.240501,42.997979,43.477311,true,true,true,true,true,true,true,true
2024-12-01,2024,12,Hill Country,39.786328,248592,4608,district,room_weighted_district_occupancy,2,false,2024,false,-0.0,1.0,184158,0.3498843384,147401.666667,47.931055,36.231055,40.477148,41.546419,true,true,true,true,true,true,true,true
2024-12-01,2024,12,Northern Region,44.255608,248592,847,district,room_weighted_district_occupancy,2,false,2024,false,-0.0,1.0,184158,0.3498843384,147401.666667,34.252302,37.760803,44.799882,38.937662,true,true,true,true,true,true,true,true
2024-12-01,2024,12,South Coast,55.868808,248592,14122,district,room_weighted_district_occupancy,3,false,2024,false,-0.0,1.0,184158,0.3498843384,147401.666667,46.003038,40.673092,33.864892,40.180341,true,true,true,true,true,true,true,true
